FID	IID	K1	K2	K3	K4	K5	K6	K7	max_q	assignment
Arm1	Arm1	0.000010	0.494399	0.000014	0.505547	0.000010	0.000010	0.000010	0.505547	admixed
Arm10	Arm10	0.032580	0.000010	0.076696	0.615099	0.000010	0.266869	0.008736	0.615099	admixed
Arm11	Arm11	0.014174	0.085292	0.188248	0.119192	0.003421	0.462363	0.127310	0.462363	admixed
Arm12	Arm12	0.005692	0.062961	0.236054	0.622126	0.000010	0.073147	0.000010	0.622126	admixed
Arm13	Arm13	0.000010	0.000010	0.561626	0.130046	0.000010	0.308288	0.000010	0.561626	admixed
Arm14	Arm14	0.000010	0.010855	0.131733	0.000010	0.152746	0.662292	0.042354	0.662292	admixed
Arm15	Arm15	0.000011	0.000010	0.944088	0.000010	0.000010	0.055861	0.000010	0.944088	K3
Arm16	Arm16	0.000010	0.015231	0.410817	0.096260	0.028792	0.448880	0.000010	0.448880	admixed
Arm17	Arm17	0.041512	0.000010	0.451404	0.036639	0.000010	0.470415	0.000010	0.470415	admixed
Arm18	Arm18	0.000010	0.000010	0.208699	0.235032	0.007396	0.513101	0.035752	0.513101	admixed
Arm19	Arm19	0.000010	0.000010	0.548729	0.000010	0.000010	0.451221	0.000010	0.548729	admixed
Arm2	Arm2	0.000010	0.000010	0.999940	0.000010	0.000010	0.000010	0.000010	0.999940	K3
Arm20	Arm20	0.000010	0.000010	0.641441	0.090180	0.000010	0.268338	0.000010	0.641441	admixed
Arm21	Arm21	0.000010	0.000010	0.000010	0.000010	0.000010	0.999940	0.000010	0.999940	K6
Arm22	Arm22	0.033462	0.000010	0.089097	0.322270	0.082139	0.404354	0.068668	0.404354	admixed
Arm23	Arm23	0.014677	0.030342	0.327213	0.064859	0.125584	0.437314	0.000010	0.437314	admixed
Arm24	Arm24	0.000010	0.000010	0.549718	0.000010	0.035505	0.414736	0.000010	0.549718	admixed
Arm25	Arm25	0.052310	0.000010	0.203591	0.205813	0.018562	0.497548	0.022166	0.497548	admixed
Arm26	Arm26	0.059777	0.000010	0.174747	0.267161	0.016296	0.438303	0.043705	0.438303	admixed
Arm27	Arm27	0.000010	0.000010	0.356198	0.000010	0.000010	0.643752	0.000010	0.643752	admixed
Arm28	Arm28	0.012119	0.000010	0.086370	0.293108	0.093876	0.275445	0.239071	0.293108	admixed
Arm29	Arm29	0.000015	0.000010	0.999935	0.000010	0.000010	0.000010	0.000010	0.999935	K3
Arm3	Arm3	0.000010	0.000010	0.358086	0.344068	0.000010	0.297806	0.000010	0.358086	admixed
Arm30	Arm30	0.000010	0.000010	0.000010	0.546055	0.004905	0.204901	0.244109	0.546055	admixed
Arm31	Arm31	0.000010	0.000010	0.217024	0.219221	0.000010	0.545771	0.017955	0.545771	admixed
Arm32	Arm32	0.000010	0.000010	0.000010	0.000010	0.000010	0.999940	0.000010	0.999940	K6
Arm33	Arm33	0.000010	0.000010	0.616732	0.333223	0.000010	0.050005	0.000010	0.616732	admixed
Arm34	Arm34	0.000010	0.000010	0.000010	0.000010	0.000010	0.999940	0.000010	0.999940	K6
Arm35	Arm35	0.000010	0.000010	0.053924	0.420134	0.000010	0.525901	0.000010	0.525901	admixed
Arm36	Arm36	0.000010	0.000010	0.000010	0.000010	0.000010	0.999940	0.000010	0.999940	K6
Arm37	Arm37	0.007331	0.075472	0.183848	0.002922	0.155484	0.549081	0.025862	0.549081	admixed
Arm38	Arm38	0.000010	0.033038	0.114682	0.049965	0.132674	0.660081	0.009551	0.660081	admixed
Arm39	Arm39	0.000010	0.000010	0.149883	0.534301	0.000010	0.315776	0.000010	0.534301	admixed
Arm4	Arm4	0.000010	0.496343	0.000010	0.503607	0.000010	0.000010	0.000010	0.503607	admixed
Arm40	Arm40	0.000010	0.000010	0.000010	0.000010	0.000010	0.999940	0.000010	0.999940	K6
Arm41	Arm41	0.009603	0.000010	0.064025	0.227003	0.006041	0.664713	0.028605	0.664713	admixed
Arm42	Arm42	0.000010	0.000010	0.999930	0.000010	0.000020	0.000010	0.000010	0.999930	K3
Arm43	Arm43	0.000010	0.000010	0.034102	0.554305	0.000010	0.411553	0.000010	0.554305	admixed
Arm44	Arm44	0.021042	0.000010	0.036210	0.435641	0.000010	0.507077	0.000010	0.507077	admixed
Arm45	Arm45	0.016726	0.170838	0.018659	0.194416	0.000010	0.401891	0.197460	0.401891	admixed
Arm47	Arm47	0.000010	0.000010	0.034659	0.437072	0.000010	0.528229	0.000010	0.528229	admixed
Arm48	Arm48	0.136085	0.000010	0.023209	0.454771	0.024542	0.242270	0.119113	0.454771	admixed
Arm49	Arm49	0.000010	0.000010	0.546648	0.000010	0.000010	0.453302	0.000010	0.546648	admixed
Arm5	Arm5	0.000010	0.000010	0.062035	0.478138	0.000010	0.459787	0.000010	0.478138	admixed
Arm50	Arm50	0.000010	0.501917	0.000010	0.498033	0.000010	0.000010	0.000010	0.501917	admixed
Arm51	Arm51	0.010184	0.000010	0.062433	0.226227	0.006715	0.667715	0.026717	0.667715	admixed
Arm52	Arm52	0.003765	0.000010	0.051875	0.126888	0.000010	0.817442	0.000010	0.817442	K6
Arm53	Arm53	0.013244	0.000010	0.015831	0.101990	0.000010	0.868906	0.000010	0.868906	K6
Arm54	Arm54	0.000972	0.000010	0.072097	0.098771	0.000010	0.807680	0.020460	0.807680	K6
Arm55	Arm55	0.041845	0.000010	0.342715	0.312602	0.000010	0.302808	0.000010	0.342715	admixed
Arm56	Arm56	0.027153	0.000010	0.099599	0.209092	0.007691	0.635090	0.021365	0.635090	admixed
Arm57	Arm57	0.000010	0.000010	0.060735	0.474331	0.000010	0.464894	0.000010	0.474331	admixed
Arm58	Arm58	0.009932	0.000010	0.054400	0.131686	0.002667	0.801295	0.000010	0.801295	K6
Arm59	Arm59	0.000011	0.000010	0.000010	0.999939	0.000010	0.000010	0.000010	0.999939	K4
Arm6	Arm6	0.000010	0.000010	0.088789	0.011167	0.107432	0.762005	0.030587	0.762005	K6
Arm60	Arm60	0.000010	0.000010	0.053497	0.348103	0.000010	0.598361	0.000010	0.598361	admixed
Arm61	Arm61	0.000010	0.000010	0.032873	0.555526	0.000010	0.411561	0.000010	0.555526	admixed
Arm62	Arm62	0.056357	0.000010	0.173509	0.264751	0.016715	0.445963	0.042695	0.445963	admixed
Arm63	Arm63	0.000010	0.000010	0.103224	0.204302	0.030864	0.637198	0.024392	0.637198	admixed
Arm64	Arm64	0.000010	0.000010	0.594884	0.125636	0.000010	0.279440	0.000010	0.594884	admixed
Arm65	Arm65	0.000010	0.000010	0.354989	0.000010	0.000010	0.644961	0.000010	0.644961	admixed
Arm66	Arm66	0.004841	0.000010	0.124325	0.212262	0.000010	0.658542	0.000010	0.658542	admixed
Arm67	Arm67	0.059839	0.000010	0.038853	0.318155	0.011817	0.448710	0.122615	0.448710	admixed
Arm68	Arm68	0.064749	0.000049	0.000010	0.268976	0.077557	0.327479	0.261179	0.327479	admixed
Arm69	Arm69	0.000010	0.000010	0.676948	0.000010	0.000010	0.323002	0.000010	0.676948	admixed
Arm7	Arm7	0.000010	0.000010	0.043310	0.590859	0.021570	0.344231	0.000010	0.590859	admixed
Arm70	Arm70	0.046536	0.000010	0.029952	0.399062	0.044305	0.334406	0.145729	0.399062	admixed
Arm71	Arm71	0.131236	0.060296	0.043849	0.000010	0.079705	0.080837	0.604067	0.604067	admixed
Arm72	Arm72	0.000010	0.000010	0.311483	0.044612	0.088346	0.542934	0.012606	0.542934	admixed
Arm73	Arm73	0.137480	0.051503	0.000010	0.000010	0.052371	0.000010	0.758616	0.758616	K7
Arm74	Arm74	0.022820	0.015993	0.273278	0.000010	0.076189	0.611699	0.000010	0.611699	admixed
Arm75	Arm75	0.067783	0.086291	0.043543	0.018309	0.169745	0.614319	0.000010	0.614319	admixed
Arm76	Arm76	0.000010	0.194881	0.048188	0.227163	0.233255	0.078064	0.218440	0.233255	admixed
Arm77	Arm77	0.000010	0.000010	0.681999	0.317951	0.000010	0.000010	0.000010	0.681999	admixed
Arm78	Arm78	0.000010	0.058569	0.113792	0.139055	0.174714	0.513851	0.000010	0.513851	admixed
Arm79	Arm79	0.000010	0.000010	0.999940	0.000010	0.000010	0.000010	0.000010	0.999940	K3
Arm8	Arm8	0.000010	0.000010	0.579114	0.112692	0.000010	0.308154	0.000010	0.579114	admixed
Arm80	Arm80	0.000010	0.040594	0.068498	0.156682	0.248723	0.485483	0.000010	0.485483	admixed
Arm81	Arm81	0.000010	0.003609	0.121399	0.219158	0.042616	0.613198	0.000010	0.613198	admixed
Arm82	Arm82	0.000010	0.000010	0.346544	0.298476	0.000010	0.354939	0.000010	0.354939	admixed
Arm83	Arm83	0.039992	0.027204	0.070957	0.239826	0.019260	0.484900	0.117860	0.484900	admixed
Arm84	Arm84	0.038528	0.027087	0.113769	0.030111	0.153952	0.612793	0.023760	0.612793	admixed
Arm85	Arm85	0.037654	0.027507	0.000010	0.390529	0.019140	0.283008	0.242153	0.390529	admixed
Arm86	Arm86	0.000010	0.059885	0.112891	0.136727	0.175298	0.515179	0.000010	0.515179	admixed
Arm87	Arm87	0.027086	0.053574	0.129506	0.038888	0.154434	0.589021	0.007492	0.589021	admixed
Arm88	Arm88	0.083296	0.009407	0.074793	0.232100	0.059089	0.380257	0.161058	0.380257	admixed
Arm89	Arm89	0.589676	0.033425	0.027175	0.012261	0.013022	0.072656	0.251784	0.589676	admixed
Arm9	Arm9	0.053932	0.000010	0.512833	0.264441	0.000010	0.168764	0.000010	0.512833	admixed
ARM90	ARM90	0.000010	0.000010	0.000010	0.999940	0.000010	0.000010	0.000010	0.999940	K4
Arm91	Arm91	0.009774	0.083478	0.161131	0.000010	0.215613	0.529984	0.000010	0.529984	admixed
Arm92	Arm92	0.000010	0.000010	0.000010	0.000010	0.000010	0.999940	0.000010	0.999940	K6
Arm93	Arm93	0.000010	0.000010	0.229961	0.000010	0.064340	0.704443	0.001226	0.704443	admixed
Arm94	Arm94	0.000010	0.047713	0.406245	0.000010	0.086028	0.459984	0.000010	0.459984	admixed
Arm95	Arm95	0.024019	0.000010	0.090657	0.406498	0.000010	0.478797	0.000010	0.478797	admixed
VA1	VA1	0.144424	0.042013	0.000010	0.000010	0.051610	0.000010	0.761923	0.761923	K7
VA10	VA10	0.999940	0.000010	0.000010	0.000010	0.000010	0.000010	0.000010	0.999940	K1
VA11	VA11	0.696950	0.000010	0.000010	0.000010	0.000010	0.000010	0.303000	0.696950	admixed
VA12	VA12	0.702412	0.000010	0.000011	0.000010	0.000010	0.000010	0.297537	0.702412	admixed
VA13	VA13	0.701087	0.000010	0.000011	0.000010	0.000010	0.000010	0.298863	0.701087	admixed
VA14	VA14	0.129117	0.022587	0.000010	0.087950	0.010562	0.086162	0.663612	0.663612	admixed
VA15	VA15	0.129918	0.022218	0.000010	0.089721	0.010290	0.083109	0.664735	0.664735	admixed
VA16	VA16	0.694108	0.000010	0.000010	0.000010	0.000010	0.000010	0.305842	0.694108	admixed
VA17	VA17	0.000010	0.000011	0.000010	0.000010	0.000010	0.000010	0.999939	0.999939	K7
VA18	VA18	0.000010	0.000011	0.000010	0.000010	0.000010	0.000010	0.999939	0.999939	K7
VA19	VA19	0.000010	0.000010	0.000010	0.000010	0.000010	0.000010	0.999940	0.999940	K7
VA2	VA2	0.151585	0.000010	0.026995	0.110363	0.055241	0.094040	0.561767	0.561767	admixed
VA20	VA20	0.000010	0.000010	0.000010	0.000010	0.000010	0.000010	0.999940	0.999940	K7
VA22	VA22	0.239754	0.049624	0.019539	0.022826	0.078011	0.009907	0.580338	0.580338	admixed
VA23	VA23	0.101638	0.086559	0.000010	0.088424	0.054972	0.000010	0.668387	0.668387	admixed
VA24	VA24	0.125225	0.062627	0.031780	0.048675	0.034661	0.040524	0.656508	0.656508	admixed
VA25	VA25	0.331531	0.044757	0.000010	0.000010	0.000205	0.000010	0.623477	0.623477	admixed
VA26	VA26	0.204580	0.061571	0.007793	0.071394	0.087458	0.022976	0.544227	0.544227	admixed
VA28	VA28	0.046593	0.164495	0.024095	0.223503	0.232573	0.149451	0.159290	0.232573	admixed
VA29	VA29	0.000010	0.000010	0.000011	0.000010	0.000010	0.000010	0.999939	0.999939	K7
VA3	VA3	0.725668	0.000010	0.000010	0.000010	0.000013	0.000010	0.274279	0.725668	admixed
VA30	VA30	0.000010	0.000010	0.000010	0.000010	0.000010	0.000010	0.999940	0.999940	K7
VA31	VA31	0.086854	0.087737	0.000010	0.106289	0.085445	0.000010	0.633655	0.633655	admixed
VA32	VA32	0.203388	0.100972	0.010084	0.019484	0.072198	0.005550	0.588324	0.588324	admixed
VA33	VA33	0.999940	0.000010	0.000010	0.000010	0.000010	0.000010	0.000010	0.999940	K1
VA34	VA34	0.141383	0.082725	0.000010	0.137347	0.039854	0.173138	0.425544	0.425544	admixed
VA35	VA35	0.180825	0.011994	0.000010	0.290518	0.078389	0.000010	0.438254	0.438254	admixed
VA36	VA36	0.133686	0.044730	0.005738	0.149164	0.077294	0.000010	0.589378	0.589378	admixed
VA37	VA37	0.163370	0.104599	0.000010	0.061453	0.060885	0.000010	0.609673	0.609673	admixed
VA38	VA38	0.184729	0.010678	0.000015	0.290793	0.077126	0.000010	0.436648	0.436648	admixed
VA39	VA39	0.236800	0.029657	0.000010	0.165771	0.009226	0.000010	0.558526	0.558526	admixed
VA4	VA4	0.702349	0.000010	0.000010	0.000010	0.000010	0.000010	0.297601	0.702349	admixed
VA40	VA40	0.037096	0.000010	0.028094	0.563385	0.020188	0.208698	0.142530	0.563385	admixed
VA41	VA41	0.133922	0.000010	0.000010	0.615791	0.021492	0.000010	0.228765	0.615791	admixed
VA42	VA42	0.000010	0.000010	0.000010	0.000010	0.000010	0.000010	0.999940	0.999940	K7
VA43	VA43	0.999940	0.000010	0.000010	0.000010	0.000010	0.000010	0.000010	0.999940	K1
VA44	VA44	0.999940	0.000010	0.000010	0.000010	0.000010	0.000010	0.000010	0.999940	K1
VA45	VA45	0.999940	0.000010	0.000010	0.000010	0.000010	0.000010	0.000010	0.999940	K1
VA46	VA46	0.552238	0.000010	0.000010	0.157406	0.000010	0.000010	0.290316	0.552238	admixed
VA47	VA47	0.117438	0.000010	0.037484	0.359538	0.000010	0.181058	0.304462	0.359538	admixed
VA48	VA48	0.106675	0.000010	0.035702	0.579084	0.014532	0.033437	0.230560	0.579084	admixed
VA5	VA5	0.722671	0.000010	0.000011	0.000010	0.000010	0.000010	0.277278	0.722671	admixed
VA51	VA51	0.949700	0.000010	0.000010	0.050250	0.000010	0.000010	0.000010	0.949700	K1
VA52	VA52	0.954864	0.000010	0.000010	0.045086	0.000010	0.000010	0.000010	0.954864	K1
VA53	VA53	0.999940	0.000010	0.000010	0.000010	0.000010	0.000010	0.000010	0.999940	K1
VA54	VA54	0.000010	0.000010	0.000010	0.999940	0.000010	0.000010	0.000010	0.999940	K4
VA55	VA55	0.999940	0.000010	0.000010	0.000010	0.000010	0.000010	0.000010	0.999940	K1
VA56	VA56	0.999940	0.000010	0.000010	0.000010	0.000010	0.000010	0.000010	0.999940	K1
VA57	VA57	0.553677	0.000010	0.000010	0.155703	0.000010	0.000010	0.290580	0.553677	admixed
VA58	VA58	0.586024	0.021646	0.000010	0.046678	0.041402	0.000010	0.304231	0.586024	admixed
VA59	VA59	0.552860	0.000010	0.000010	0.155617	0.000010	0.000010	0.291483	0.552860	admixed
VA60	VA60	0.120270	0.000010	0.038385	0.361061	0.000010	0.176848	0.303415	0.361061	admixed
VA61	VA61	0.999940	0.000010	0.000010	0.000010	0.000010	0.000010	0.000010	0.999940	K1
VA62	VA62	0.999940	0.000010	0.000010	0.000010	0.000010	0.000010	0.000010	0.999940	K1
VA63	VA63	0.204120	0.000010	0.000010	0.455281	0.044098	0.136462	0.160018	0.455281	admixed
VA64	VA64	0.051338	0.000010	0.000010	0.000010	0.000010	0.000010	0.948611	0.948611	K7
VA65	VA65	0.000010	0.000010	0.000010	0.000010	0.000010	0.000010	0.999940	0.999940	K7
VA66	VA66	0.091792	0.000010	0.037280	0.870887	0.000010	0.000010	0.000010	0.870887	K4
VA67	VA67	0.000010	0.000010	0.000010	0.999940	0.000010	0.000010	0.000010	0.999940	K4
VA68	VA68	0.204421	0.000010	0.000010	0.789689	0.000010	0.000010	0.005850	0.789689	K4
VA7	VA7	0.999940	0.000010	0.000010	0.000010	0.000010	0.000010	0.000010	0.999940	K1
VA71	VA71	0.000010	0.000010	0.000010	0.999940	0.000010	0.000010	0.000010	0.999940	K4
VA72	VA72	0.000010	0.000010	0.000010	0.012322	0.000010	0.000010	0.987628	0.987628	K7
VA73	VA73	0.030109	0.000010	0.000013	0.161650	0.000010	0.000010	0.808197	0.808197	K7
VA74	VA74	0.051252	0.000010	0.000010	0.000010	0.000010	0.000010	0.948698	0.948698	K7
VA75	VA75	0.000010	0.000010	0.000010	0.001568	0.000010	0.000010	0.998382	0.998382	K7
VA76	VA76	0.000010	0.000010	0.000010	0.000010	0.000010	0.000010	0.999940	0.999940	K7
VA77	VA77	0.000010	0.000010	0.000010	0.000010	0.000010	0.000010	0.999940	0.999940	K7
VA8	VA8	0.999940	0.000010	0.000010	0.000010	0.000010	0.000010	0.000010	0.999940	K1
VA9	VA9	0.999940	0.000010	0.000010	0.000010	0.000010	0.000010	0.000010	0.999940	K1
AZ20	AZ20	0.000010	0.000010	0.654446	0.104415	0.000010	0.241098	0.000010	0.654446	admixed
AZ21	AZ21	0.007264	0.123427	0.247778	0.159714	0.076053	0.297782	0.087981	0.297782	admixed
AZ23	AZ23	0.000010	0.000011	0.000010	0.999939	0.000010	0.000010	0.000010	0.999939	K4
AZ24	AZ24	0.000010	0.079376	0.231444	0.605103	0.000010	0.084047	0.000010	0.605103	admixed
AZ26	AZ26	0.000010	0.000010	0.961540	0.000010	0.000010	0.038410	0.000010	0.961540	K3
AZ27	AZ27	0.031924	0.000010	0.648208	0.151017	0.000010	0.168821	0.000010	0.648208	admixed
AZ28	AZ28	0.000010	0.000010	0.999940	0.000010	0.000010	0.000010	0.000010	0.999940	K3
AZ29	AZ29	0.000014	0.000010	0.999936	0.000010	0.000010	0.000010	0.000010	0.999936	K3
AZ31	AZ31	0.000010	0.000010	0.554556	0.000010	0.000010	0.445394	0.000010	0.554556	admixed
AZ32	AZ32	0.014190	0.020648	0.459651	0.246445	0.017125	0.210050	0.031891	0.459651	admixed
AZ34	AZ34	0.000010	0.000010	0.000010	0.999940	0.000010	0.000010	0.000010	0.999940	K4
AZ36	AZ36	0.009099	0.000010	0.450998	0.042969	0.048849	0.448065	0.000010	0.450998	admixed
AZ37	AZ37	0.141321	0.000010	0.027345	0.456977	0.023036	0.229776	0.121534	0.456977	admixed
AZ39	AZ39	0.000010	0.000010	0.574018	0.000010	0.000010	0.425932	0.000010	0.574018	admixed
AZ40	AZ40	0.000010	0.000010	0.840979	0.000010	0.000010	0.158971	0.000010	0.840979	K3
AZ41	AZ41	0.005600	0.000010	0.556419	0.000010	0.000010	0.437941	0.000010	0.556419	admixed
AZ42	AZ42	0.121411	0.000010	0.009536	0.035248	0.073996	0.759789	0.000010	0.759789	K6
AZ43	AZ43	0.000010	0.000010	0.000010	0.000010	0.000010	0.999940	0.000010	0.999940	K6
AZ44	AZ44	0.000010	0.000010	0.555368	0.000010	0.040574	0.404018	0.000010	0.555368	admixed
AZ45	AZ45	0.000074	0.000010	0.284086	0.199642	0.000010	0.510659	0.005520	0.510659	admixed
AZ46	AZ46	0.000010	0.000010	0.095114	0.406979	0.000010	0.497867	0.000010	0.497867	admixed
AZ47	AZ47	0.000010	0.000010	0.000010	0.548352	0.005630	0.199045	0.246943	0.548352	admixed
AZ48	AZ48	0.009665	0.000010	0.110049	0.491425	0.004467	0.384374	0.000010	0.491425	admixed
AZ49	AZ49	0.000010	0.000010	0.000010	0.999940	0.000010	0.000010	0.000010	0.999940	K4
AZ50	AZ50	0.000010	0.000010	0.999940	0.000010	0.000010	0.000010	0.000010	0.999940	K3
AZ51	AZ51	0.027595	0.038772	0.209577	0.024317	0.163867	0.532654	0.003218	0.532654	admixed
AZ54	AZ54	0.064149	0.096699	0.052211	0.527950	0.000010	0.018318	0.240662	0.527950	admixed
AZ56	AZ56	0.042301	0.007060	0.562080	0.042168	0.030963	0.307207	0.008221	0.562080	admixed
AZ57	AZ57	0.000010	0.000010	0.999940	0.000010	0.000010	0.000010	0.000010	0.999940	K3
AZ58	AZ58	0.000010	0.000010	0.042873	0.372028	0.071933	0.127615	0.385531	0.385531	admixed
AZ59	AZ59	0.085512	0.021598	0.025204	0.312539	0.062909	0.072352	0.419886	0.419886	admixed
AZ60	AZ60	0.000010	0.003081	0.000010	0.778249	0.000010	0.087445	0.131195	0.778249	K4
AZ61	AZ61	0.021710	0.339329	0.021526	0.045549	0.000010	0.500472	0.071405	0.500472	admixed
AZ62	AZ62	0.000010	0.000010	0.042580	0.371690	0.075573	0.125779	0.384358	0.384358	admixed
AZ63	AZ63	0.010661	0.000014	0.553251	0.000010	0.000010	0.436045	0.000010	0.553251	admixed
AZ64	AZ64	0.000010	0.000010	0.000010	0.544619	0.004018	0.208053	0.243280	0.544619	admixed
AZ67	AZ67	0.000010	0.000010	0.999940	0.000010	0.000010	0.000010	0.000010	0.999940	K3
AZ69	AZ69	0.000010	0.000010	0.000010	0.999940	0.000010	0.000010	0.000010	0.999940	K4
AZ70	AZ70	0.000010	0.000010	0.999940	0.000010	0.000010	0.000010	0.000010	0.999940	K3
GE1	GE1	0.020056	0.492836	0.025029	0.000010	0.227358	0.101325	0.133385	0.492836	admixed
GE2	GE2	0.007489	0.783865	0.000010	0.000010	0.131325	0.009487	0.067814	0.783865	K2
GE3	GE3	0.000010	0.999940	0.000010	0.000010	0.000010	0.000010	0.000010	0.999940	K2
GE4	GE4	0.000010	0.068064	0.385702	0.004161	0.123376	0.418676	0.000010	0.418676	admixed
GE5	GE5	0.000010	0.436852	0.011323	0.325422	0.001068	0.225316	0.000010	0.436852	admixed
GE7	GE7	0.000010	0.854729	0.000010	0.145221	0.000010	0.000010	0.000010	0.854729	K2
GE8	GE8	0.000010	0.889037	0.000010	0.000010	0.027441	0.083482	0.000010	0.889037	K2
GE9	GE9	0.000010	0.547579	0.017381	0.000010	0.142894	0.000010	0.292117	0.547579	admixed
GE10	GE10	0.005531	0.943021	0.000010	0.000010	0.000010	0.000010	0.051408	0.943021	K2
GE11	GE11	0.025480	0.883882	0.009459	0.000010	0.026097	0.000010	0.055062	0.883882	K2
GE12	GE12	0.050419	0.236338	0.009113	0.209216	0.017782	0.178195	0.298937	0.298937	admixed
GE13	GE13	0.028128	0.844644	0.000010	0.118279	0.000010	0.000010	0.008919	0.844644	K2
GE14	GE14	0.000010	0.830757	0.000010	0.120860	0.000010	0.000010	0.048343	0.830757	K2
GE15	GE15	0.019023	0.248971	0.013199	0.581177	0.000010	0.000010	0.137610	0.581177	admixed
GE16	GE16	0.036763	0.366115	0.010291	0.000010	0.112040	0.374901	0.099881	0.374901	admixed
GE18	GE18	0.017418	0.472888	0.000010	0.396015	0.000010	0.071298	0.042361	0.472888	admixed
GE19	GE19	0.000010	0.742932	0.000010	0.000010	0.171796	0.000010	0.085232	0.742932	admixed
GE20	GE20	0.000010	0.628496	0.000010	0.000010	0.175031	0.000010	0.196432	0.628496	admixed
GE21	GE21	0.000010	0.999940	0.000010	0.000010	0.000010	0.000010	0.000010	0.999940	K2
GE22	GE22	0.000010	0.060003	0.102108	0.071017	0.184644	0.582208	0.000010	0.582208	admixed
GE23	GE23	0.000010	0.999940	0.000010	0.000010	0.000010	0.000010	0.000010	0.999940	K2
GE24	GE24	0.034653	0.654521	0.000010	0.000010	0.146221	0.000010	0.164576	0.654521	admixed
GE25	GE25	0.000010	0.999938	0.000012	0.000010	0.000010	0.000010	0.000010	0.999938	K2
GE26	GE26	0.005699	0.553923	0.215065	0.000010	0.022289	0.142512	0.060502	0.553923	admixed
GE27	GE27	0.031891	0.444063	0.000010	0.000010	0.229945	0.085950	0.208131	0.444063	admixed
GE28	GE28	0.041964	0.591533	0.000010	0.000010	0.177128	0.026392	0.162963	0.591533	admixed
GE29	GE29	0.000010	0.999940	0.000010	0.000010	0.000010	0.000010	0.000010	0.999940	K2
GE30	GE30	0.000010	0.999940	0.000010	0.000010	0.000010	0.000010	0.000010	0.999940	K2
GE31	GE31	0.000010	0.857772	0.007558	0.130964	0.000010	0.003676	0.000010	0.857772	K2
GE32	GE32	0.018217	0.650588	0.000010	0.000010	0.211898	0.000010	0.119268	0.650588	admixed
GE33	GE33	0.031512	0.809025	0.000010	0.000010	0.032195	0.039384	0.087863	0.809025	K2
GE34	GE34	0.000010	0.510738	0.000010	0.489212	0.000010	0.000010	0.000010	0.510738	admixed
GE35	GE35	0.010417	0.630546	0.021124	0.209481	0.000010	0.000010	0.128411	0.630546	admixed
GE36	GE36	0.165934	0.232448	0.028513	0.380629	0.020350	0.022268	0.149857	0.380629	admixed
GE37	GE37	0.000010	0.748829	0.008040	0.000010	0.114127	0.004158	0.124827	0.748829	admixed
GE38	GE38	0.000010	0.000010	0.014528	0.318654	0.000010	0.666779	0.000010	0.666779	admixed
GE39	GE39	0.010703	0.546257	0.005195	0.437815	0.000010	0.000010	0.000010	0.546257	admixed
GE40	GE40	0.000010	0.999940	0.000010	0.000010	0.000010	0.000010	0.000010	0.999940	K2
GE41	GE41	0.006600	0.911180	0.000010	0.082180	0.000010	0.000010	0.000010	0.911180	K2
GE42	GE42	0.000010	0.999940	0.000010	0.000010	0.000010	0.000010	0.000010	0.999940	K2
GE43	GE43	0.000010	0.585816	0.000010	0.313507	0.000010	0.100637	0.000010	0.585816	admixed
GE44	GE44	0.000010	0.667779	0.023373	0.000010	0.034482	0.200999	0.073347	0.667779	admixed
GE45	GE45	0.000011	0.999939	0.000010	0.000010	0.000010	0.000010	0.000010	0.999939	K2
GE46	GE46	0.000010	0.839699	0.013926	0.000010	0.000010	0.024672	0.121674	0.839699	K2
GE47	GE47	0.000010	0.654216	0.000010	0.345734	0.000010	0.000010	0.000010	0.654216	admixed
GA28	GA28	0.000010	0.703281	0.000010	0.296669	0.000010	0.000010	0.000010	0.703281	admixed
GA31	GA31	0.000010	0.999940	0.000010	0.000010	0.000010	0.000010	0.000010	0.999940	K2
GA37	GA37	0.075496	0.131364	0.044190	0.545948	0.000010	0.175107	0.027885	0.545948	admixed
GA42	GA42	0.000010	0.007552	0.045951	0.220812	0.253545	0.472120	0.000010	0.472120	admixed
GA43	GA43	0.000010	0.000010	0.020441	0.337305	0.000010	0.642215	0.000010	0.642215	admixed
GA46	GA46	0.000010	0.925865	0.000010	0.000010	0.000010	0.020044	0.054050	0.925865	K2
GA47	GA47	0.000010	0.681463	0.000010	0.000010	0.153740	0.000010	0.164757	0.681463	admixed
GA49	GA49	0.000010	0.732150	0.000010	0.000010	0.173200	0.000010	0.094611	0.732150	admixed
TU1	TU1	0.000010	0.030934	0.007863	0.204775	0.182613	0.537962	0.035842	0.537962	admixed
TU2	TU2	0.000010	0.075181	0.000010	0.021181	0.013211	0.890396	0.000010	0.890396	K6
TU3	TU3	0.000010	0.002100	0.100900	0.088066	0.000010	0.808904	0.000010	0.808904	K6
TU4	TU4	0.000010	0.101538	0.051484	0.160392	0.154026	0.532539	0.000010	0.532539	admixed
TU5	TU5	0.000010	0.130036	0.000010	0.050142	0.039074	0.780718	0.000010	0.780718	K6
TU6	TU6	0.000010	0.000010	0.057612	0.173846	0.007003	0.761509	0.000010	0.761509	K6
TU7	TU7	0.000010	0.026494	0.060487	0.102680	0.056696	0.742396	0.011237	0.742396	admixed
TU8	TU8	0.000010	0.000010	0.185980	0.019312	0.000010	0.794668	0.000010	0.794668	K6
TU10	TU10	0.001628	0.000010	0.192210	0.022386	0.034554	0.749203	0.000010	0.749203	admixed
TU11	TU11	0.000010	0.000010	0.000010	0.000010	0.000010	0.999940	0.000010	0.999940	K6
TU12	TU12	0.000010	0.000010	0.131134	0.062490	0.000010	0.806336	0.000010	0.806336	K6
TU13	TU13	0.000010	0.099422	0.061943	0.050471	0.028603	0.759540	0.000010	0.759540	K6
TU14	TU14	0.000011	0.000010	0.045917	0.294093	0.000010	0.659949	0.000010	0.659949	admixed
TU15	TU15	0.003805	0.023718	0.174427	0.063515	0.016323	0.718203	0.000010	0.718203	admixed
TU16	TU16	0.000010	0.056756	0.200036	0.050731	0.000010	0.692418	0.000039	0.692418	admixed
TU17	TU17	0.000010	0.000010	0.109770	0.086999	0.005621	0.741056	0.056534	0.741056	admixed
TU18	TU18	0.000010	0.000010	0.000010	0.000010	0.000010	0.999940	0.000010	0.999940	K6
TU20	TU20	0.000010	0.000010	0.043548	0.379107	0.005085	0.572229	0.000010	0.572229	admixed
TU21	TU21	0.000010	0.000010	0.000010	0.000010	0.000010	0.999940	0.000010	0.999940	K6
TU22	TU22	0.000010	0.000010	0.093116	0.200931	0.000010	0.691874	0.014049	0.691874	admixed
TU23	TU23	0.000010	0.000010	0.147590	0.143348	0.000010	0.709022	0.000010	0.709022	admixed
TU24	TU24	0.000010	0.000010	0.018041	0.000010	0.000010	0.981909	0.000010	0.981909	K6
TU27	TU27	0.000010	0.083562	0.066412	0.011787	0.000010	0.838210	0.000010	0.838210	K6
TU28	TU28	0.018695	0.062771	0.010242	0.198287	0.011125	0.698871	0.000010	0.698871	admixed
TU29	TU29	0.002387	0.033553	0.067810	0.211754	0.015586	0.658252	0.010658	0.658252	admixed
TU30	TU30	0.009744	0.014902	0.038764	0.091545	0.000010	0.845025	0.000010	0.845025	K6
TU32	TU32	0.000010	0.027251	0.000010	0.178183	0.037126	0.757410	0.000010	0.757410	K6
TU33	TU33	0.000010	0.029632	0.011002	0.294624	0.031220	0.633502	0.000010	0.633502	admixed
TU36	TU36	0.000010	0.073879	0.046207	0.235466	0.081380	0.563048	0.000010	0.563048	admixed
TU37	TU37	0.033709	0.000010	0.026683	0.452703	0.043200	0.443686	0.000010	0.452703	admixed
TU39	TU39	0.000010	0.019170	0.018768	0.000010	0.055305	0.906727	0.000010	0.906727	K6
TU43	TU43	0.000010	0.075354	0.002374	0.011294	0.000010	0.910949	0.000010	0.910949	K6
TU45	TU45	0.003965	0.000010	0.195014	0.030341	0.035246	0.735414	0.000010	0.735414	admixed
TU46	TU46	0.000010	0.000010	0.000010	0.000010	0.000010	0.999940	0.000010	0.999940	K6
TU47	TU47	0.011939	0.029019	0.014155	0.033106	0.000010	0.905519	0.006253	0.905519	K6
TU48	TU48	0.000010	0.037471	0.181137	0.029469	0.149101	0.602802	0.000010	0.602802	admixed
TU49	TU49	0.000010	0.044831	0.023654	0.047645	0.000010	0.883840	0.000010	0.883840	K6
TU50	TU50	0.046096	0.102070	0.017583	0.052050	0.148223	0.320320	0.313659	0.320320	admixed
TU52	TU52	0.000010	0.000010	0.102713	0.026237	0.010779	0.823994	0.036258	0.823994	K6
TU53	TU53	0.106460	0.022091	0.057316	0.230559	0.105964	0.477601	0.000010	0.477601	admixed
TU54	TU54	0.017125	0.002170	0.135338	0.143436	0.017760	0.648885	0.035287	0.648885	admixed
TU55	TU55	0.033776	0.038826	0.003927	0.165517	0.394101	0.356919	0.006934	0.394101	admixed
TU56	TU56	0.000010	0.000010	0.029873	0.271196	0.048412	0.650488	0.000010	0.650488	admixed
TU57	TU57	0.013898	0.000010	0.156202	0.043639	0.000010	0.775746	0.010496	0.775746	K6
TU59	TU59	0.020974	0.001732	0.088331	0.143096	0.045339	0.680912	0.019616	0.680912	admixed
TU60	TU60	0.010642	0.048686	0.056081	0.093807	0.011706	0.779068	0.000010	0.779068	K6
TU61	TU61	0.000010	0.000010	0.018108	0.000010	0.000010	0.981842	0.000010	0.981842	K6
TU62	TU62	0.000010	0.000010	0.116020	0.010335	0.016157	0.857459	0.000010	0.857459	K6
TU63	TU63	0.044694	0.049392	0.040796	0.177816	0.098982	0.588310	0.000010	0.588310	admixed
TU66	TU66	0.046064	0.000010	0.055888	0.070577	0.000010	0.806858	0.020593	0.806858	K6
TU67	TU67	0.000010	0.064493	0.068399	0.034306	0.000010	0.832771	0.000010	0.832771	K6
TU69	TU69	0.032746	0.003149	0.125052	0.052524	0.010214	0.776303	0.000010	0.776303	K6
TU70	TU70	0.000010	0.125026	0.000010	0.055392	0.040898	0.778654	0.000010	0.778654	K6
TU71	TU71	0.000010	0.048060	0.000010	0.000010	0.000010	0.939221	0.012679	0.939221	K6
TU72	TU72	0.000010	0.010365	0.000010	0.266191	0.007176	0.716237	0.000010	0.716237	admixed
TU75	TU75	0.000010	0.080474	0.000010	0.117834	0.029206	0.772456	0.000010	0.772456	K6
TU77	TU77	0.045161	0.000010	0.055590	0.067342	0.000010	0.810727	0.021159	0.810727	K6
TU78	TU78	0.000010	0.034468	0.118293	0.011588	0.000010	0.835620	0.000010	0.835620	K6
TU80	TU80	0.040866	0.066178	0.000010	0.198125	0.052122	0.642690	0.000010	0.642690	admixed
TU81	TU81	0.000010	0.027312	0.007382	0.162738	0.031948	0.770600	0.000010	0.770600	K6
TU82	TU82	0.000010	0.010270	0.005993	0.025894	0.103645	0.839534	0.014654	0.839534	K6
TU84	TU84	0.000010	0.000010	0.291122	0.000010	0.051839	0.644563	0.012446	0.644563	admixed
TU85	TU85	0.050986	0.079141	0.106650	0.000010	0.344030	0.364358	0.054825	0.364358	admixed
TU87	TU87	0.030296	0.037469	0.202217	0.055922	0.000010	0.621870	0.052216	0.621870	admixed
TU88	TU88	0.026100	0.000010	0.114300	0.141153	0.104857	0.613570	0.000010	0.613570	admixed
TU91	TU91	0.000010	0.033321	0.102091	0.026688	0.011208	0.826672	0.000010	0.826672	K6
TU92	TU92	0.000010	0.026993	0.149944	0.032490	0.037623	0.709410	0.043531	0.709410	admixed
TU93	TU93	0.000010	0.059272	0.000010	0.285206	0.147290	0.508202	0.000010	0.508202	admixed
TU94	TU94	0.003676	0.073950	0.029679	0.033532	0.018165	0.840988	0.000010	0.840988	K6
TU97	TU97	0.021753	0.072517	0.086147	0.000010	0.383572	0.397592	0.038411	0.397592	admixed
AZ1	AZ1	0.043832	0.051513	0.000010	0.000010	0.357904	0.000010	0.546720	0.546720	admixed
AZ2	AZ2	0.015428	0.157005	0.000010	0.000010	0.279753	0.000010	0.547784	0.547784	admixed
AZ3	AZ3	0.071488	0.121991	0.000010	0.000010	0.324855	0.000010	0.481635	0.481635	admixed
AZ4	AZ4	0.034022	0.089732	0.000010	0.000010	0.216448	0.000010	0.659768	0.659768	admixed
AZ6	AZ6	0.089026	0.091944	0.000010	0.000010	0.290906	0.000010	0.528095	0.528095	admixed
AZ7	AZ7	0.114438	0.103147	0.000010	0.000010	0.186412	0.000010	0.595974	0.595974	admixed
AZ8	AZ8	0.079058	0.131681	0.014394	0.000010	0.308183	0.000010	0.466664	0.466664	admixed
AZ9	AZ9	0.034541	0.086520	0.000010	0.000010	0.329732	0.000010	0.549178	0.549178	admixed
AZ11	AZ11	0.080533	0.116098	0.000010	0.096014	0.199419	0.000010	0.507915	0.507915	admixed
AZ12	AZ12	0.029976	0.089905	0.000010	0.000010	0.238103	0.000010	0.641986	0.641986	admixed
AZ13	AZ13	0.064715	0.132592	0.007352	0.000010	0.167201	0.058014	0.570117	0.570117	admixed
AZ15	AZ15	0.056968	0.151729	0.000010	0.102998	0.145839	0.000010	0.542447	0.542447	admixed
AZ16	AZ16	0.049756	0.167560	0.000010	0.096211	0.146564	0.000010	0.539889	0.539889	admixed
AZ17	AZ17	0.050829	0.165291	0.000010	0.097923	0.145681	0.000010	0.540257	0.540257	admixed
AZ18	AZ18	0.054956	0.093264	0.000010	0.080067	0.192544	0.000010	0.579149	0.579149	admixed
AZ19	AZ19	0.000010	0.000010	0.639867	0.253362	0.000010	0.106731	0.000010	0.639867	admixed
GA1	GA1	0.072067	0.494623	0.000010	0.077370	0.014817	0.000010	0.341102	0.494623	admixed
GA2	GA2	0.082341	0.362083	0.000010	0.000010	0.121367	0.000010	0.434179	0.434179	admixed
GA3	GA3	0.078254	0.278719	0.000010	0.000010	0.047800	0.000010	0.595197	0.595197	admixed
GA4	GA4	0.078436	0.371545	0.000010	0.012218	0.043324	0.000010	0.494456	0.494456	admixed
GA5	GA5	0.074515	0.283093	0.000010	0.000010	0.098911	0.000010	0.543451	0.543451	admixed
GA6	GA6	0.000014	0.401537	0.000010	0.586581	0.000010	0.011838	0.000010	0.586581	admixed
GA7	GA7	0.029203	0.257577	0.000010	0.000010	0.178772	0.000010	0.534418	0.534418	admixed
GA8	GA8	0.076147	0.223308	0.002481	0.118727	0.101725	0.167154	0.310458	0.310458	admixed
GA9	GA9	0.000010	0.731671	0.000010	0.268279	0.000010	0.000010	0.000010	0.731671	admixed
GA10	GA10	0.074653	0.593773	0.000010	0.000010	0.061554	0.000010	0.269990	0.593773	admixed
GA11	GA11	0.060631	0.257864	0.026795	0.269123	0.078613	0.004487	0.302488	0.302488	admixed
GA12	GA12	0.000010	0.610077	0.000010	0.389873	0.000010	0.000010	0.000010	0.610077	admixed
GA13	GA13	0.047449	0.173806	0.000010	0.000010	0.212716	0.000010	0.566000	0.566000	admixed
GA14	GA14	0.026474	0.239243	0.000010	0.000010	0.117142	0.000010	0.617111	0.617111	admixed
GA15	GA15	0.033595	0.262710	0.033363	0.000010	0.357299	0.058192	0.254831	0.357299	admixed
GA16	GA16	0.077684	0.259305	0.000010	0.000010	0.111035	0.000010	0.551945	0.551945	admixed
GA17	GA17	0.041358	0.227673	0.038204	0.000010	0.294157	0.121632	0.276966	0.294157	admixed
GA18	GA18	0.094818	0.217045	0.000010	0.000010	0.089021	0.000010	0.599085	0.599085	admixed
GA19	GA19	0.105557	0.230452	0.000010	0.124211	0.081417	0.141171	0.317182	0.317182	admixed
GA20	GA20	0.136632	0.242891	0.000010	0.000010	0.089127	0.000010	0.531320	0.531320	admixed
TUS-1	TUS-1	0.051942	0.037552	0.050434	0.057535	0.639932	0.150875	0.011730	0.639932	admixed
TUD-1	TUD-1	0.000010	0.000010	0.000010	0.000010	0.999940	0.000010	0.000010	0.999940	K5
TUD-3	TUD-3	0.000010	0.000010	0.000010	0.000010	0.999940	0.000010	0.000010	0.999940	K5
TUK-3	TUK-3	0.000010	0.070117	0.000010	0.043018	0.742694	0.098936	0.045214	0.742694	admixed
TUK-4	TUK-4	0.042291	0.059809	0.041371	0.033307	0.672108	0.105104	0.046010	0.672108	admixed
TUK-5	TUK-5	0.041431	0.042858	0.014889	0.012421	0.672615	0.159914	0.055871	0.672615	admixed
TUK-6	TUK-6	0.011917	0.038975	0.000010	0.057361	0.755625	0.113418	0.022694	0.755625	K5
TUK-7	TUK-7	0.003530	0.041653	0.000010	0.047541	0.663146	0.181517	0.062603	0.663146	admixed
TUK-8	TUK-8	0.006700	0.072012	0.010477	0.077058	0.643628	0.128539	0.061585	0.643628	admixed
TUK-9	TUK-9	0.014307	0.070792	0.000010	0.047817	0.691255	0.160726	0.015093	0.691255	admixed
TUK-11	TUK-11	0.008452	0.040334	0.046540	0.000010	0.342842	0.561812	0.000010	0.561812	admixed
TUG-4	TUG-4	0.060285	0.048460	0.022672	0.015334	0.665294	0.151835	0.036119	0.665294	admixed
TUG-9	TUG-9	0.017058	0.081654	0.006508	0.030379	0.811022	0.051434	0.001946	0.811022	K5
TUG-10	TUG-10	0.015738	0.083902	0.006089	0.025286	0.814202	0.054773	0.000010	0.814202	K5
TUG-12	TUG-12	0.024539	0.044156	0.018690	0.000010	0.764091	0.125722	0.022791	0.764091	K5
TUG-19	TUG-19	0.014076	0.000010	0.000010	0.045950	0.760137	0.179807	0.000010	0.760137	K5
TUG-20	TUG-20	0.018828	0.000010	0.000010	0.050344	0.756891	0.173908	0.000010	0.756891	K5
TUG-21	TUG-21	0.000010	0.000010	0.000010	0.069528	0.697384	0.232750	0.000308	0.697384	admixed
TUG-22	TUG-22	0.011021	0.040690	0.030611	0.055956	0.477041	0.367865	0.016816	0.477041	admixed
TUG-25	TUG-25	0.011831	0.037566	0.027457	0.083351	0.683883	0.137060	0.018851	0.683883	admixed
TUG-27	TUG-27	0.015057	0.000010	0.035524	0.128056	0.395710	0.425634	0.000010	0.425634	admixed
TUG-29	TUG-29	0.000010	0.009929	0.058492	0.050133	0.687048	0.194378	0.000010	0.687048	admixed
TUF-1	TUF-1	0.000010	0.007465	0.034859	0.115065	0.549047	0.293544	0.000010	0.549047	admixed
TUF-3	TUF-3	0.000010	0.034325	0.011297	0.014119	0.889421	0.050819	0.000010	0.889421	K5
TUF-4	TUF-4	0.000010	0.000010	0.002554	0.025601	0.940975	0.030840	0.000010	0.940975	K5
TUF-5	TUF-5	0.000010	0.000010	0.000010	0.000010	0.999940	0.000010	0.000010	0.999940	K5
TUF-6	TUF-6	0.000010	0.000010	0.000010	0.000010	0.999940	0.000010	0.000010	0.999940	K5
TUF-8	TUF-8	0.000010	0.000010	0.000010	0.073497	0.926453	0.000010	0.000010	0.926453	K5
TUF-11	TUF-11	0.000010	0.000010	0.000010	0.000010	0.925930	0.074020	0.000010	0.925930	K5
TUF-12	TUF-12	0.000010	0.000010	0.000010	0.065547	0.885895	0.048519	0.000010	0.885895	K5
TUF-13	TUF-13	0.000010	0.000010	0.028411	0.000010	0.971539	0.000010	0.000010	0.971539	K5
TUF-14	TUF-14	0.000010	0.000010	0.000010	0.000010	0.947897	0.052053	0.000010	0.947897	K5
TUF-15	TUF-15	0.000010	0.000010	0.062963	0.187298	0.219870	0.529840	0.000010	0.529840	admixed
TUF-16	TUF-16	0.000010	0.010343	0.009389	0.085429	0.762857	0.131962	0.000010	0.762857	K5
TUF-17	TUF-17	0.012607	0.004671	0.041833	0.125413	0.580606	0.234860	0.000010	0.580606	admixed
TUF-18	TUF-18	0.000010	0.000010	0.005815	0.016209	0.943278	0.034669	0.000010	0.943278	K5
TUF-19	TUF-19	0.000010	0.000010	0.000010	0.000010	0.999940	0.000010	0.000010	0.999940	K5
TUF-20	TUF-20	0.000010	0.000010	0.000010	0.000010	0.999940	0.000010	0.000010	0.999940	K5
TUF-21	TUF-21	0.000010	0.000010	0.000010	0.000010	0.999940	0.000010	0.000010	0.999940	K5
TUF-22	TUF-22	0.000010	0.000010	0.000010	0.000010	0.999940	0.000010	0.000010	0.999940	K5
TUF-23	TUF-23	0.000010	0.000010	0.000010	0.000010	0.999940	0.000010	0.000010	0.999940	K5
TUF-24	TUF-24	0.000010	0.000010	0.029304	0.000010	0.970646	0.000010	0.000010	0.970646	K5
TUF-25	TUF-25	0.000010	0.000010	0.000010	0.041226	0.958724	0.000010	0.000010	0.958724	K5
TUF-27	TUF-27	0.000010	0.000010	0.023224	0.042493	0.919632	0.014622	0.000010	0.919632	K5
TUF-28	TUF-28	0.000010	0.000010	0.079145	0.158783	0.424932	0.337109	0.000010	0.424932	admixed
TUF-29	TUF-29	0.000010	0.000010	0.004376	0.009776	0.985808	0.000010	0.000010	0.985808	K5
TUF-30	TUF-30	0.000010	0.038428	0.000010	0.029670	0.839166	0.092706	0.000010	0.839166	K5
TUF-33	TUF-33	0.008173	0.000010	0.000010	0.032796	0.935582	0.023419	0.000010	0.935582	K5
TUF-35	TUF-35	0.000010	0.000010	0.046045	0.032887	0.822129	0.096398	0.002521	0.822129	K5
TUF-36	TUF-36	0.000010	0.000010	0.000010	0.010726	0.989224	0.000010	0.000010	0.989224	K5
