pair	group_a	group_b	window	chrom	start	n_snps	n_windows	mean_window_fst	max_window_fst
K1_vs_K2	K1	K2	1:17150000	1	17150000	22	1	0.243146	0.243146
K1_vs_K2	K1	K2	2:5700000	2	5700000	65	1	0.264815	0.264815
K1_vs_K2	K1	K2	3:2850000	3	2850000	25	1	0.239975	0.239975
K1_vs_K2	K1	K2	3:5100000	3	5100000	34	1	0.26701	0.26701
K1_vs_K2	K1	K2	3:5250000	3	5250000	25	1	0.33206	0.33206
K1_vs_K2	K1	K2	6:12500000	6	12500000	44	1	0.304636	0.304636
K1_vs_K2	K1	K2	6:12650000	6	12650000	108	1	0.248453	0.248453
K1_vs_K2	K1	K2	6:13200000	6	13200000	80	1	0.249731	0.249731
K1_vs_K2	K1	K2	6:13500000	6	13500000	51	1	0.243135	0.243135
K1_vs_K2	K1	K2	7:8700000	7	8700000	88	1	0.24792	0.24792
K1_vs_K2	K1	K2	7:18500000	7	18500000	29	1	0.342169	0.342169
K1_vs_K2	K1	K2	7:18750000	7	18750000	51	1	0.247945	0.247945
K1_vs_K2	K1	K2	7:19950000	7	19950000	70	1	0.239566	0.239566
K1_vs_K2	K1	K2	8:5250000	8	5250000	141	1	0.280627	0.280627
K1_vs_K2	K1	K2	8:9200000	8	9200000	31	1	0.253512	0.253512
K1_vs_K2	K1	K2	8:18250000	8	18250000	33	1	0.238721	0.238721
K1_vs_K2	K1	K2	8:19800000	8	19800000	50	1	0.24048	0.24048
K1_vs_K2	K1	K2	8:20000000	8	20000000	30	1	0.288452	0.288452
K1_vs_K2	K1	K2	9:450000	9	450000	46	1	0.249298	0.249298
K1_vs_K2	K1	K2	9:600000	9	600000	41	1	0.239746	0.239746
K1_vs_K2	K1	K2	9:1200000	9	1200000	45	1	0.256178	0.256178
K1_vs_K2	K1	K2	9:3100000	9	3100000	82	1	0.242778	0.242778
K1_vs_K2	K1	K2	9:3550000	9	3550000	118	1	0.242228	0.242228
K1_vs_K2	K1	K2	9:4300000	9	4300000	58	1	0.279596	0.279596
K1_vs_K2	K1	K2	9:4950000	9	4950000	54	1	0.239807	0.239807
K1_vs_K2	K1	K2	9:7450000	9	7450000	83	1	0.2521	0.2521
K1_vs_K2	K1	K2	9:11100000	9	11100000	71	1	0.241574	0.241574
K1_vs_K2	K1	K2	9:13600000	9	13600000	51	1	0.300057	0.300057
K1_vs_K2	K1	K2	9:19800000	9	19800000	74	1	0.33847	0.33847
K1_vs_K2	K1	K2	9:20950000	9	20950000	78	1	0.23999	0.23999
K1_vs_K2	K1	K2	10:700000	10	700000	60	1	0.245085	0.245085
K1_vs_K2	K1	K2	10:4750000	10	4750000	23	1	0.246273	0.246273
K1_vs_K2	K1	K2	10:4950000	10	4950000	40	1	0.254449	0.254449
K1_vs_K2	K1	K2	10:16300000	10	16300000	56	1	0.258082	0.258082
K1_vs_K2	K1	K2	10:17550000	10	17550000	26	1	0.241929	0.241929
K1_vs_K2	K1	K2	11:3800000	11	3800000	45	1	0.240905	0.240905
K1_vs_K2	K1	K2	13:1300000	13	1300000	35	1	0.244973	0.244973
K1_vs_K2	K1	K2	13:6100000	13	6100000	32	1	0.241015	0.241015
K1_vs_K2	K1	K2	13:7050000	13	7050000	103	1	0.251983	0.251983
K1_vs_K2	K1	K2	13:7650000	13	7650000	60	1	0.244797	0.244797
K1_vs_K2	K1	K2	14:1550000	14	1550000	25	1	0.25095	0.25095
K1_vs_K2	K1	K2	14:3100000	14	3100000	60	1	0.264226	0.264226
K1_vs_K2	K1	K2	14:4500000	14	4500000	68	1	0.244239	0.244239
K1_vs_K2	K1	K2	14:5450000	14	5450000	50	1	0.300178	0.300178
K1_vs_K2	K1	K2	16:8800000	16	8800000	105	1	0.240157	0.240157
K1_vs_K2	K1	K2	16:11300000	16	11300000	65	1	0.270129	0.270129
K1_vs_K2	K1	K2	17:9650000	17	9650000	36	1	0.331954	0.331954
K1_vs_K2	K1	K2	17:11100000	17	11100000	46	1	0.244171	0.244171
K1_vs_K2	K1	K2	19:3900000	19	3900000	55	1	0.262083	0.262083
K1_vs_K2	K1	K2	19:5750000	19	5750000	36	1	0.282085	0.282085
K1_vs_K3	K1	K3	1:3250000	1	3250000	25	1	0.351547	0.351547
K1_vs_K3	K1	K3	1:4100000	1	4100000	45	1	0.377008	0.377008
K1_vs_K3	K1	K3	1:4550000	1	4550000	27	1	0.3396	0.3396
K1_vs_K3	K1	K3	1:5100000	1	5100000	31	1	0.396451	0.396451
K1_vs_K3	K1	K3	1:20350000	1	20350000	39	1	0.40028	0.40028
K1_vs_K3	K1	K3	1:21000000	1	21000000	48	1	0.327237	0.327237
K1_vs_K3	K1	K3	3:6250000	3	6250000	37	1	0.385352	0.385352
K1_vs_K3	K1	K3	3:6750000	3	6750000	22	1	0.34588	0.34588
K1_vs_K3	K1	K3	3:17850000	3	17850000	77	1	0.338039	0.338039
K1_vs_K3	K1	K3	5:4300000	5	4300000	52	1	0.349194	0.349194
K1_vs_K3	K1	K3	5:6400000	5	6400000	23	1	0.383072	0.383072
K1_vs_K3	K1	K3	6:3500000	6	3500000	50	1	0.341936	0.341936
K1_vs_K3	K1	K3	6:6500000	6	6500000	24	1	0.448613	0.448613
K1_vs_K3	K1	K3	6:8200000	6	8200000	29	1	0.343905	0.343905
K1_vs_K3	K1	K3	6:8850000	6	8850000	87	1	0.346889	0.346889
K1_vs_K3	K1	K3	6:18400000	6	18400000	26	1	0.367582	0.367582
K1_vs_K3	K1	K3	7:25950000	7	25950000	28	1	0.346862	0.346862
K1_vs_K3	K1	K3	8:5250000	8	5250000	71	1	0.364097	0.364097
K1_vs_K3	K1	K3	8:10150000	8	10150000	36	1	0.384116	0.384116
K1_vs_K3	K1	K3	9:450000	9	450000	41	1	0.333643	0.333643
K1_vs_K3	K1	K3	9:1200000	9	1200000	38	1	0.332057	0.332057
K1_vs_K3	K1	K3	9:17850000	9	17850000	46	1	0.325908	0.325908
K1_vs_K3	K1	K3	11:7400000	11	7400000	24	1	0.343987	0.343987
K1_vs_K3	K1	K3	11:10850000	11	10850000	22	1	0.363584	0.363584
K1_vs_K3	K1	K3	12:17900000	12	17900000	82	1	0.336395	0.336395
K1_vs_K3	K1	K3	12:20200000	12	20200000	28	1	0.372742	0.372742
K1_vs_K3	K1	K3	13:4450000	13	4450000	28	1	0.352142	0.352142
K1_vs_K3	K1	K3	13:5900000	13	5900000	47	1	0.40916	0.40916
K1_vs_K3	K1	K3	13:6050000	13	6050000	24	1	0.400966	0.400966
K1_vs_K3	K1	K3	13:6950000	13	6950000	70	1	0.361139	0.361139
K1_vs_K3	K1	K3	13:26050000	13	26050000	37	1	0.331195	0.331195
K1_vs_K3	K1	K3	14:5450000	14	5450000	44	1	0.394505	0.394505
K1_vs_K3	K1	K3	14:6950000	14	6950000	30	1	0.385667	0.385667
K1_vs_K3	K1	K3	14:8700000	14	8700000	36	1	0.394909	0.394909
K1_vs_K3	K1	K3	14:11550000	14	11550000	30	1	0.376595	0.376595
K1_vs_K3	K1	K3	14:12200000	14	12200000	23	1	0.418704	0.418704
K1_vs_K3	K1	K3	14:12400000	14	12400000	42	1	0.394432	0.394432
K1_vs_K3	K1	K3	14:13000000	14	13000000	55	1	0.330842	0.330842
K1_vs_K3	K1	K3	14:13950000	14	13950000	54	1	0.332023	0.332023
K1_vs_K3	K1	K3	14:19450000	14	19450000	114	1	0.363898	0.363898
K1_vs_K3	K1	K3	14:19850000	14	19850000	41	1	0.339197	0.339197
K1_vs_K3	K1	K3	14:22700000	14	22700000	68	1	0.326698	0.326698
K1_vs_K3	K1	K3	14:23050000	14	23050000	71	1	0.344823	0.344823
K1_vs_K3	K1	K3	15:18550000	15	18550000	28	1	0.335453	0.335453
K1_vs_K3	K1	K3	16:2350000	16	2350000	65	1	0.33432	0.33432
K1_vs_K3	K1	K3	16:7900000	16	7900000	49	1	0.370151	0.370151
K1_vs_K3	K1	K3	16:8800000	16	8800000	76	1	0.362736	0.362736
K1_vs_K3	K1	K3	16:18500000	16	18500000	42	1	0.353015	0.353015
K1_vs_K3	K1	K3	17:9650000	17	9650000	35	1	0.329677	0.329677
K1_vs_K3	K1	K3	17:16300000	17	16300000	45	1	0.346313	0.346313
K1_vs_K3	K1	K3	18:1600000	18	1600000	62	1	0.342956	0.342956
K1_vs_K3	K1	K3	18:3800000	18	3800000	21	1	0.391863	0.391863
K1_vs_K3	K1	K3	18:6750000	18	6750000	42	1	0.340419	0.340419
K1_vs_K3	K1	K3	18:6950000	18	6950000	48	1	0.334349	0.334349
K1_vs_K3	K1	K3	18:24250000	18	24250000	24	1	0.346338	0.346338
K1_vs_K3	K1	K3	18:24400000	18	24400000	57	1	0.326178	0.326178
K1_vs_K3	K1	K3	19:3900000	19	3900000	46	1	0.430268	0.430268
K1_vs_K3	K1	K3	19:4050000	19	4050000	41	1	0.328092	0.328092
K1_vs_K3	K1	K3	19:5200000	19	5200000	33	1	0.366312	0.366312
K1_vs_K3	K1	K3	19:5600000	19	5600000	43	1	0.343423	0.343423
K1_vs_K4	K1	K4	3:200000	3	200000	22	1	0.286367	0.286367
K1_vs_K4	K1	K4	3:450000	3	450000	28	1	0.333067	0.333067
K1_vs_K4	K1	K4	3:1900000	3	1900000	30	1	0.328417	0.328417
K1_vs_K4	K1	K4	3:2150000	3	2150000	34	1	0.302485	0.302485
K1_vs_K4	K1	K4	3:2600000	3	2600000	31	1	0.349558	0.349558
K1_vs_K4	K1	K4	4:5550000	4	5550000	41	1	0.302278	0.302278
K1_vs_K4	K1	K4	4:13900000	4	13900000	65	1	0.313196	0.313196
K1_vs_K4	K1	K4	4:22950000	4	22950000	60	1	0.290367	0.290367
K1_vs_K4	K1	K4	4:23400000	4	23400000	45	1	0.305374	0.305374
K1_vs_K4	K1	K4	6:5950000	6	5950000	25	1	0.307317	0.307317
K1_vs_K4	K1	K4	6:6250000	6	6250000	22	1	0.341238	0.341238
K1_vs_K4	K1	K4	6:6500000	6	6500000	20	1	0.356115	0.356115
K1_vs_K4	K1	K4	6:12150000	6	12150000	20	1	0.315377	0.315377
K1_vs_K4	K1	K4	7:19950000	7	19950000	63	1	0.336593	0.336593
K1_vs_K4	K1	K4	7:20750000	7	20750000	20	1	0.311456	0.311456
K1_vs_K4	K1	K4	7:21800000	7	21800000	49	1	0.315705	0.315705
K1_vs_K4	K1	K4	7:23550000	7	23550000	21	1	0.29023	0.29023
K1_vs_K4	K1	K4	7:24900000	7	24900000	30	1	0.298485	0.298485
K1_vs_K4	K1	K4	7:25050000	7	25050000	46	1	0.301161	0.301161
K1_vs_K4	K1	K4	7:25200000	7	25200000	27	1	0.335143	0.335143
K1_vs_K4	K1	K4	9:450000	9	450000	40	1	0.370296	0.370296
K1_vs_K4	K1	K4	9:3050000	9	3050000	43	1	0.312898	0.312898
K1_vs_K4	K1	K4	9:3250000	9	3250000	20	1	0.295879	0.295879
K1_vs_K4	K1	K4	9:5050000	9	5050000	39	1	0.43199	0.43199
K1_vs_K4	K1	K4	10:4950000	10	4950000	34	1	0.303131	0.303131
K1_vs_K4	K1	K4	10:15500000	10	15500000	52	1	0.301331	0.301331
K1_vs_K4	K1	K4	10:16050000	10	16050000	104	1	0.299773	0.299773
K1_vs_K4	K1	K4	10:16500000	10	16500000	85	1	0.306379	0.306379
K1_vs_K4	K1	K4	11:3800000	11	3800000	34	1	0.316415	0.316415
K1_vs_K4	K1	K4	12:5300000	12	5300000	25	1	0.303952	0.303952
K1_vs_K4	K1	K4	12:18150000	12	18150000	91	1	0.287119	0.287119
K1_vs_K4	K1	K4	12:18950000	12	18950000	31	1	0.297783	0.297783
K1_vs_K4	K1	K4	12:20800000	12	20800000	64	1	0.297994	0.297994
K1_vs_K4	K1	K4	12:22600000	12	22600000	56	1	0.326982	0.326982
K1_vs_K4	K1	K4	13:2550000	13	2550000	37	1	0.301233	0.301233
K1_vs_K4	K1	K4	13:6950000	13	6950000	83	1	0.292776	0.292776
K1_vs_K4	K1	K4	13:25850000	13	25850000	33	1	0.352952	0.352952
K1_vs_K4	K1	K4	14:3100000	14	3100000	56	1	0.314302	0.314302
K1_vs_K4	K1	K4	14:6150000	14	6150000	33	1	0.291166	0.291166
K1_vs_K4	K1	K4	14:10550000	14	10550000	46	1	0.292643	0.292643
K1_vs_K4	K1	K4	14:11550000	14	11550000	28	1	0.345606	0.345606
K1_vs_K4	K1	K4	14:12200000	14	12200000	38	1	0.286364	0.286364
K1_vs_K4	K1	K4	14:13000000	14	13000000	71	1	0.301113	0.301113
K1_vs_K4	K1	K4	14:19450000	14	19450000	117	1	0.322284	0.322284
K1_vs_K4	K1	K4	14:19850000	14	19850000	40	1	0.29276	0.29276
K1_vs_K4	K1	K4	15:16000000	15	16000000	44	1	0.310054	0.310054
K1_vs_K4	K1	K4	16:900000	16	900000	56	1	0.320493	0.320493
K1_vs_K4	K1	K4	16:2600000	16	2600000	36	1	0.300357	0.300357
K1_vs_K4	K1	K4	16:7900000	16	7900000	52	1	0.30172	0.30172
K1_vs_K4	K1	K4	16:11300000	16	11300000	55	1	0.308055	0.308055
K1_vs_K4	K1	K4	16:12450000	16	12450000	46	1	0.327805	0.327805
K1_vs_K4	K1	K4	16:21800000	16	21800000	38	1	0.288147	0.288147
K1_vs_K4	K1	K4	17:10650000	17	10650000	44	1	0.291069	0.291069
K1_vs_K4	K1	K4	17:11650000	17	11650000	65	1	0.329185	0.329185
K1_vs_K4	K1	K4	18:7250000	18	7250000	78	1	0.293009	0.293009
K1_vs_K4	K1	K4	19:5600000	19	5600000	39	1	0.299056	0.299056
K1_vs_K5	K1	K5	1:4550000	1	4550000	30	1	0.287178	0.287178
K1_vs_K5	K1	K5	1:6150000	1	6150000	66	1	0.251199	0.251199
K1_vs_K5	K1	K5	1:14650000	1	14650000	65	1	0.240452	0.240452
K1_vs_K5	K1	K5	1:17150000	1	17150000	23	1	0.267809	0.267809
K1_vs_K5	K1	K5	1:23350000	1	23350000	24	1	0.254342	0.254342
K1_vs_K5	K1	K5	2:3800000	2	3800000	45	1	0.257545	0.257545
K1_vs_K5	K1	K5	2:4150000	2	4150000	30	1	0.237551	0.237551
K1_vs_K5	K1	K5	2:4300000	2	4300000	45	1	0.253504	0.253504
K1_vs_K5	K1	K5	2:4450000	2	4450000	27	1	0.267118	0.267118
K1_vs_K5	K1	K5	2:5150000	2	5150000	42	1	0.243303	0.243303
K1_vs_K5	K1	K5	3:1850000	3	1850000	32	1	0.244678	0.244678
K1_vs_K5	K1	K5	4:5400000	4	5400000	67	1	0.251449	0.251449
K1_vs_K5	K1	K5	4:5550000	4	5550000	55	1	0.303308	0.303308
K1_vs_K5	K1	K5	7:2000000	7	2000000	38	1	0.2413	0.2413
K1_vs_K5	K1	K5	8:10150000	8	10150000	50	1	0.246741	0.246741
K1_vs_K5	K1	K5	8:15900000	8	15900000	37	1	0.249105	0.249105
K1_vs_K5	K1	K5	8:16800000	8	16800000	32	1	0.254698	0.254698
K1_vs_K5	K1	K5	8:18150000	8	18150000	29	1	0.249526	0.249526
K1_vs_K5	K1	K5	9:450000	9	450000	46	1	0.354287	0.354287
K1_vs_K5	K1	K5	9:1200000	9	1200000	48	1	0.266688	0.266688
K1_vs_K5	K1	K5	9:1450000	9	1450000	43	1	0.322142	0.322142
K1_vs_K5	K1	K5	9:3250000	9	3250000	26	1	0.285938	0.285938
K1_vs_K5	K1	K5	11:3250000	11	3250000	63	1	0.257315	0.257315
K1_vs_K5	K1	K5	11:3800000	11	3800000	47	1	0.279981	0.279981
K1_vs_K5	K1	K5	11:4700000	11	4700000	59	1	0.26224	0.26224
K1_vs_K5	K1	K5	11:10750000	11	10750000	64	1	0.264941	0.264941
K1_vs_K5	K1	K5	11:11350000	11	11350000	71	1	0.239509	0.239509
K1_vs_K5	K1	K5	11:12650000	11	12650000	103	1	0.259652	0.259652
K1_vs_K5	K1	K5	11:14800000	11	14800000	95	1	0.273992	0.273992
K1_vs_K5	K1	K5	11:14950000	11	14950000	79	1	0.253606	0.253606
K1_vs_K5	K1	K5	12:4100000	12	4100000	36	1	0.238737	0.238737
K1_vs_K5	K1	K5	12:9200000	12	9200000	48	1	0.246116	0.246116
K1_vs_K5	K1	K5	13:2600000	13	2600000	42	1	0.259411	0.259411
K1_vs_K5	K1	K5	13:7650000	13	7650000	55	1	0.24832	0.24832
K1_vs_K5	K1	K5	13:16800000	13	16800000	48	1	0.240557	0.240557
K1_vs_K5	K1	K5	14:3100000	14	3100000	55	1	0.312057	0.312057
K1_vs_K5	K1	K5	14:6850000	14	6850000	22	1	0.242794	0.242794
K1_vs_K5	K1	K5	14:22500000	14	22500000	46	1	0.248324	0.248324
K1_vs_K5	K1	K5	14:22650000	14	22650000	50	1	0.252566	0.252566
K1_vs_K5	K1	K5	14:28000000	14	28000000	28	1	0.259551	0.259551
K1_vs_K5	K1	K5	15:22050000	15	22050000	29	1	0.257724	0.257724
K1_vs_K5	K1	K5	17:8250000	17	8250000	39	1	0.254393	0.254393
K1_vs_K5	K1	K5	18:8000000	18	8000000	54	1	0.242729	0.242729
K1_vs_K5	K1	K5	18:10350000	18	10350000	59	1	0.250832	0.250832
K1_vs_K5	K1	K5	18:10600000	18	10600000	34	1	0.271038	0.271038
K1_vs_K5	K1	K5	18:12100000	18	12100000	43	1	0.241662	0.241662
K1_vs_K6	K1	K6	1:2750000	1	2750000	44	1	0.226389	0.226389
K1_vs_K6	K1	K6	1:5550000	1	5550000	64	1	0.208925	0.208925
K1_vs_K6	K1	K6	1:12900000	1	12900000	60	1	0.205498	0.205498
K1_vs_K6	K1	K6	2:4900000	2	4900000	22	1	0.225876	0.225876
K1_vs_K6	K1	K6	2:5250000	2	5250000	59	1	0.212726	0.212726
K1_vs_K6	K1	K6	2:5500000	2	5500000	36	1	0.246229	0.246229
K1_vs_K6	K1	K6	2:5700000	2	5700000	70	1	0.206671	0.206671
K1_vs_K6	K1	K6	3:4100000	3	4100000	75	1	0.214547	0.214547
K1_vs_K6	K1	K6	3:5400000	3	5400000	67	1	0.215392	0.215392
K1_vs_K6	K1	K6	3:6050000	3	6050000	54	1	0.220612	0.220612
K1_vs_K6	K1	K6	4:5550000	4	5550000	55	1	0.213364	0.213364
K1_vs_K6	K1	K6	4:21850000	4	21850000	70	1	0.210668	0.210668
K1_vs_K6	K1	K6	4:22400000	4	22400000	82	1	0.221316	0.221316
K1_vs_K6	K1	K6	4:24500000	4	24500000	58	1	0.212129	0.212129
K1_vs_K6	K1	K6	5:4300000	5	4300000	62	1	0.202424	0.202424
K1_vs_K6	K1	K6	5:18600000	5	18600000	80	1	0.212392	0.212392
K1_vs_K6	K1	K6	6:3400000	6	3400000	43	1	0.243755	0.243755
K1_vs_K6	K1	K6	6:6500000	6	6500000	28	1	0.244332	0.244332
K1_vs_K6	K1	K6	6:7550000	6	7550000	54	1	0.218023	0.218023
K1_vs_K6	K1	K6	6:8850000	6	8850000	104	1	0.221802	0.221802
K1_vs_K6	K1	K6	6:21150000	6	21150000	49	1	0.242634	0.242634
K1_vs_K6	K1	K6	7:14350000	7	14350000	26	1	0.208044	0.208044
K1_vs_K6	K1	K6	7:18100000	7	18100000	55	1	0.228134	0.228134
K1_vs_K6	K1	K6	7:18500000	7	18500000	34	1	0.242092	0.242092
K1_vs_K6	K1	K6	7:20750000	7	20750000	20	1	0.235176	0.235176
K1_vs_K6	K1	K6	7:22050000	7	22050000	34	1	0.213758	0.213758
K1_vs_K6	K1	K6	7:22600000	7	22600000	28	1	0.223078	0.223078
K1_vs_K6	K1	K6	7:24350000	7	24350000	27	1	0.223579	0.223579
K1_vs_K6	K1	K6	8:11900000	8	11900000	47	1	0.209176	0.209176
K1_vs_K6	K1	K6	9:450000	9	450000	50	1	0.234739	0.234739
K1_vs_K6	K1	K6	9:1200000	9	1200000	50	1	0.278196	0.278196
K1_vs_K6	K1	K6	9:2300000	9	2300000	56	1	0.25451	0.25451
K1_vs_K6	K1	K6	9:3050000	9	3050000	64	1	0.230455	0.230455
K1_vs_K6	K1	K6	9:20800000	9	20800000	43	1	0.20252	0.20252
K1_vs_K6	K1	K6	13:2550000	13	2550000	40	1	0.249708	0.249708
K1_vs_K6	K1	K6	13:5500000	13	5500000	87	1	0.231416	0.231416
K1_vs_K6	K1	K6	13:6050000	13	6050000	33	1	0.206424	0.206424
K1_vs_K6	K1	K6	13:6950000	13	6950000	95	1	0.227437	0.227437
K1_vs_K6	K1	K6	14:4500000	14	4500000	78	1	0.231109	0.231109
K1_vs_K6	K1	K6	14:6100000	14	6100000	33	1	0.203298	0.203298
K1_vs_K6	K1	K6	14:6500000	14	6500000	52	1	0.29651	0.29651
K1_vs_K6	K1	K6	14:8700000	14	8700000	43	1	0.219109	0.219109
K1_vs_K6	K1	K6	14:10550000	14	10550000	75	1	0.216021	0.216021
K1_vs_K6	K1	K6	14:11400000	14	11400000	73	1	0.223289	0.223289
K1_vs_K6	K1	K6	14:11550000	14	11550000	49	1	0.217535	0.217535
K1_vs_K6	K1	K6	14:12200000	14	12200000	59	1	0.214215	0.214215
K1_vs_K6	K1	K6	14:12550000	14	12550000	39	1	0.246864	0.246864
K1_vs_K6	K1	K6	14:13950000	14	13950000	71	1	0.23669	0.23669
K1_vs_K6	K1	K6	16:4250000	16	4250000	44	1	0.208976	0.208976
K1_vs_K6	K1	K6	16:8000000	16	8000000	193	1	0.219529	0.219529
K1_vs_K6	K1	K6	16:15700000	16	15700000	63	1	0.209626	0.209626
K1_vs_K6	K1	K6	16:18250000	16	18250000	55	1	0.21889	0.21889
K1_vs_K6	K1	K6	17:8800000	17	8800000	31	1	0.224736	0.224736
K1_vs_K6	K1	K6	17:9650000	17	9650000	39	1	0.205637	0.205637
K1_vs_K6	K1	K6	17:11100000	17	11100000	52	1	0.227776	0.227776
K1_vs_K6	K1	K6	17:11700000	17	11700000	52	1	0.211757	0.211757
K1_vs_K6	K1	K6	17:12850000	17	12850000	39	1	0.234533	0.234533
K1_vs_K6	K1	K6	17:16200000	17	16200000	57	1	0.205729	0.205729
K1_vs_K6	K1	K6	18:10600000	18	10600000	36	1	0.214601	0.214601
K1_vs_K6	K1	K6	18:13750000	18	13750000	49	1	0.223423	0.223423
K1_vs_K6	K1	K6	18:28550000	18	28550000	84	1	0.21465	0.21465
K1_vs_K6	K1	K6	18:34750000	18	34750000	64	1	0.220491	0.220491
K1_vs_K7	K1	K7	1:5850000	1	5850000	55	1	0.254129	0.254129
K1_vs_K7	K1	K7	1:10900000	1	10900000	24	1	0.312774	0.312774
K1_vs_K7	K1	K7	1:11500000	1	11500000	64	1	0.241587	0.241587
K1_vs_K7	K1	K7	1:13450000	1	13450000	53	1	0.276187	0.276187
K1_vs_K7	K1	K7	1:17150000	1	17150000	20	1	0.288579	0.288579
K1_vs_K7	K1	K7	1:20200000	1	20200000	52	1	0.237232	0.237232
K1_vs_K7	K1	K7	2:5900000	2	5900000	72	1	0.241052	0.241052
K1_vs_K7	K1	K7	3:6050000	3	6050000	41	1	0.256523	0.256523
K1_vs_K7	K1	K7	4:1050000	4	1050000	43	1	0.249235	0.249235
K1_vs_K7	K1	K7	4:19350000	4	19350000	33	1	0.265867	0.265867
K1_vs_K7	K1	K7	5:5700000	5	5700000	67	1	0.260669	0.260669
K1_vs_K7	K1	K7	5:5850000	5	5850000	58	1	0.24774	0.24774
K1_vs_K7	K1	K7	5:6150000	5	6150000	64	1	0.274696	0.274696
K1_vs_K7	K1	K7	5:19750000	5	19750000	37	1	0.240412	0.240412
K1_vs_K7	K1	K7	5:20150000	5	20150000	78	1	0.254261	0.254261
K1_vs_K7	K1	K7	6:15500000	6	15500000	57	1	0.302225	0.302225
K1_vs_K7	K1	K7	6:17750000	6	17750000	40	1	0.240099	0.240099
K1_vs_K7	K1	K7	6:18050000	6	18050000	34	1	0.261332	0.261332
K1_vs_K7	K1	K7	6:21150000	6	21150000	37	1	0.260801	0.260801
K1_vs_K7	K1	K7	6:21400000	6	21400000	29	1	0.254918	0.254918
K1_vs_K7	K1	K7	7:26050000	7	26050000	65	1	0.259612	0.259612
K1_vs_K7	K1	K7	9:6750000	9	6750000	93	1	0.246703	0.246703
K1_vs_K7	K1	K7	10:6800000	10	6800000	88	1	0.245811	0.245811
K1_vs_K7	K1	K7	10:16450000	10	16450000	29	1	0.245214	0.245214
K1_vs_K7	K1	K7	11:3250000	11	3250000	55	1	0.252095	0.252095
K1_vs_K7	K1	K7	11:3800000	11	3800000	37	1	0.252185	0.252185
K1_vs_K7	K1	K7	11:10750000	11	10750000	65	1	0.254711	0.254711
K1_vs_K7	K1	K7	11:11350000	11	11350000	60	1	0.270084	0.270084
K1_vs_K7	K1	K7	11:12650000	11	12650000	93	1	0.246127	0.246127
K1_vs_K7	K1	K7	12:18950000	12	18950000	34	1	0.249552	0.249552
K1_vs_K7	K1	K7	13:5900000	13	5900000	59	1	0.242784	0.242784
K1_vs_K7	K1	K7	13:6300000	13	6300000	73	1	0.2392	0.2392
K1_vs_K7	K1	K7	14:1250000	14	1250000	54	1	0.248275	0.248275
K1_vs_K7	K1	K7	14:1550000	14	1550000	22	1	0.239365	0.239365
K1_vs_K7	K1	K7	14:8800000	14	8800000	30	1	0.256599	0.256599
K1_vs_K7	K1	K7	14:10550000	14	10550000	67	1	0.248469	0.248469
K1_vs_K7	K1	K7	14:11550000	14	11550000	49	1	0.253625	0.253625
K1_vs_K7	K1	K7	14:12200000	14	12200000	50	1	0.281671	0.281671
K1_vs_K7	K1	K7	14:12600000	14	12600000	57	1	0.24713	0.24713
K1_vs_K7	K1	K7	14:19000000	14	19000000	25	1	0.247786	0.247786
K1_vs_K7	K1	K7	15:15800000	15	15800000	61	1	0.243512	0.243512
K1_vs_K7	K1	K7	16:5150000	16	5150000	63	1	0.256338	0.256338
K1_vs_K7	K1	K7	16:5300000	16	5300000	86	1	0.278995	0.278995
K1_vs_K7	K1	K7	16:12400000	16	12400000	96	1	0.239276	0.239276
K1_vs_K7	K1	K7	16:17300000	16	17300000	69	1	0.29073	0.29073
K1_vs_K7	K1	K7	16:17500000	16	17500000	111	1	0.252357	0.252357
K1_vs_K7	K1	K7	17:9650000	17	9650000	33	1	0.29058	0.29058
K1_vs_K7	K1	K7	18:22700000	18	22700000	82	1	0.236209	0.236209
K1_vs_K7	K1	K7	18:23000000	18	23000000	28	1	0.236897	0.236897
K1_vs_K7	K1	K7	18:23300000	18	23300000	96	1	0.261893	0.261893
K1_vs_K7	K1	K7	18:34650000	18	34650000	56	1	0.275844	0.275844
K1_vs_K7	K1	K7	19:5600000	19	5600000	49	1	0.276489	0.276489
K1_vs_K7	K1	K7	19:6250000	19	6250000	55	1	0.277718	0.277718
K1_vs_K7	K1	K7	19:22700000	19	22700000	54	1	0.254862	0.254862
K1_vs_K7	K1	K7	19:22950000	19	22950000	56	1	0.241171	0.241171
K2_vs_K3	K2	K3	2:1950000	2	1950000	32	1	0.267116	0.267116
K2_vs_K3	K2	K3	2:4050000	2	4050000	23	1	0.250909	0.250909
K2_vs_K3	K2	K3	2:4550000	2	4550000	20	1	0.268205	0.268205
K2_vs_K3	K2	K3	2:6850000	2	6850000	80	1	0.253375	0.253375
K2_vs_K3	K2	K3	3:5250000	3	5250000	34	1	0.274812	0.274812
K2_vs_K3	K2	K3	3:5800000	3	5800000	50	1	0.264965	0.264965
K2_vs_K3	K2	K3	3:6000000	3	6000000	43	1	0.265186	0.265186
K2_vs_K3	K2	K3	3:6250000	3	6250000	48	1	0.305359	0.305359
K2_vs_K3	K2	K3	3:7200000	3	7200000	56	1	0.259201	0.259201
K2_vs_K3	K2	K3	3:7550000	3	7550000	51	1	0.255425	0.255425
K2_vs_K3	K2	K3	3:8400000	3	8400000	49	1	0.291038	0.291038
K2_vs_K3	K2	K3	3:10850000	3	10850000	109	1	0.249857	0.249857
K2_vs_K3	K2	K3	4:150000	4	150000	32	1	0.290209	0.290209
K2_vs_K3	K2	K3	4:850000	4	850000	41	1	0.283955	0.283955
K2_vs_K3	K2	K3	4:6400000	4	6400000	31	1	0.330647	0.330647
K2_vs_K3	K2	K3	4:7600000	4	7600000	54	1	0.248377	0.248377
K2_vs_K3	K2	K3	4:10900000	4	10900000	74	1	0.263329	0.263329
K2_vs_K3	K2	K3	5:25250000	5	25250000	77	1	0.260572	0.260572
K2_vs_K3	K2	K3	6:13200000	6	13200000	75	1	0.253772	0.253772
K2_vs_K3	K2	K3	6:13500000	6	13500000	45	1	0.309321	0.309321
K2_vs_K3	K2	K3	6:18400000	6	18400000	25	1	0.272368	0.272368
K2_vs_K3	K2	K3	7:6900000	7	6900000	53	1	0.257397	0.257397
K2_vs_K3	K2	K3	7:15250000	7	15250000	115	1	0.259137	0.259137
K2_vs_K3	K2	K3	7:21500000	7	21500000	20	1	0.288581	0.288581
K2_vs_K3	K2	K3	7:22400000	7	22400000	38	1	0.258755	0.258755
K2_vs_K3	K2	K3	7:25950000	7	25950000	32	1	0.257292	0.257292
K2_vs_K3	K2	K3	8:1750000	8	1750000	56	1	0.261395	0.261395
K2_vs_K3	K2	K3	8:8950000	8	8950000	37	1	0.26043	0.26043
K2_vs_K3	K2	K3	8:9350000	8	9350000	21	1	0.266449	0.266449
K2_vs_K3	K2	K3	8:11450000	8	11450000	30	1	0.257022	0.257022
K2_vs_K3	K2	K3	8:20400000	8	20400000	24	1	0.246989	0.246989
K2_vs_K3	K2	K3	8:20900000	8	20900000	45	1	0.282886	0.282886
K2_vs_K3	K2	K3	9:5750000	9	5750000	57	1	0.254187	0.254187
K2_vs_K3	K2	K3	9:8700000	9	8700000	105	1	0.255131	0.255131
K2_vs_K3	K2	K3	9:10500000	9	10500000	22	1	0.261737	0.261737
K2_vs_K3	K2	K3	9:13600000	9	13600000	57	1	0.289564	0.289564
K2_vs_K3	K2	K3	9:18350000	9	18350000	140	1	0.248424	0.248424
K2_vs_K3	K2	K3	10:750000	10	750000	88	1	0.297749	0.297749
K2_vs_K3	K2	K3	10:12950000	10	12950000	95	1	0.248279	0.248279
K2_vs_K3	K2	K3	10:17550000	10	17550000	32	1	0.24763	0.24763
K2_vs_K3	K2	K3	11:10550000	11	10550000	74	1	0.281316	0.281316
K2_vs_K3	K2	K3	11:12750000	11	12750000	89	1	0.262125	0.262125
K2_vs_K3	K2	K3	12:17900000	12	17900000	91	1	0.247491	0.247491
K2_vs_K3	K2	K3	13:2150000	13	2150000	52	1	0.261003	0.261003
K2_vs_K3	K2	K3	14:1100000	14	1100000	47	1	0.248216	0.248216
K2_vs_K3	K2	K3	14:1550000	14	1550000	24	1	0.253069	0.253069
K2_vs_K3	K2	K3	14:8700000	14	8700000	40	1	0.276518	0.276518
K2_vs_K3	K2	K3	15:5100000	15	5100000	32	1	0.275045	0.275045
K2_vs_K3	K2	K3	16:7900000	16	7900000	60	1	0.281627	0.281627
K2_vs_K3	K2	K3	18:3850000	18	3850000	36	1	0.286692	0.286692
K2_vs_K3	K2	K3	18:7250000	18	7250000	86	1	0.264348	0.264348
K2_vs_K3	K2	K3	18:7450000	18	7450000	70	1	0.249321	0.249321
K2_vs_K3	K2	K3	18:8300000	18	8300000	47	1	0.257906	0.257906
K2_vs_K3	K2	K3	18:8450000	18	8450000	29	1	0.249427	0.249427
K2_vs_K3	K2	K3	19:3700000	19	3700000	25	1	0.251765	0.251765
K2_vs_K3	K2	K3	19:3950000	19	3950000	38	1	0.261426	0.261426
K2_vs_K3	K2	K3	19:5750000	19	5750000	34	1	0.320409	0.320409
K2_vs_K4	K2	K4	1:10900000	1	10900000	26	1	0.244728	0.244728
K2_vs_K4	K2	K4	1:11100000	1	11100000	47	1	0.228757	0.228757
K2_vs_K4	K2	K4	1:12350000	1	12350000	76	1	0.222851	0.222851
K2_vs_K4	K2	K4	1:23150000	1	23150000	25	1	0.212244	0.212244
K2_vs_K4	K2	K4	1:23600000	1	23600000	44	1	0.238595	0.238595
K2_vs_K4	K2	K4	2:1250000	2	1250000	33	1	0.246604	0.246604
K2_vs_K4	K2	K4	2:1450000	2	1450000	25	1	0.252131	0.252131
K2_vs_K4	K2	K4	2:1650000	2	1650000	39	1	0.209723	0.209723
K2_vs_K4	K2	K4	3:3350000	3	3350000	36	1	0.218175	0.218175
K2_vs_K4	K2	K4	3:5100000	3	5100000	36	1	0.274265	0.274265
K2_vs_K4	K2	K4	3:5250000	3	5250000	37	1	0.248867	0.248867
K2_vs_K4	K2	K4	3:8300000	3	8300000	91	1	0.212188	0.212188
K2_vs_K4	K2	K4	3:9450000	3	9450000	40	1	0.240104	0.240104
K2_vs_K4	K2	K4	3:12600000	3	12600000	60	1	0.215081	0.215081
K2_vs_K4	K2	K4	3:13050000	3	13050000	47	1	0.212899	0.212899
K2_vs_K4	K2	K4	4:2100000	4	2100000	24	1	0.221401	0.221401
K2_vs_K4	K2	K4	4:2350000	4	2350000	57	1	0.215217	0.215217
K2_vs_K4	K2	K4	5:7100000	5	7100000	98	1	0.212062	0.212062
K2_vs_K4	K2	K4	6:13500000	6	13500000	47	1	0.244089	0.244089
K2_vs_K4	K2	K4	6:13650000	6	13650000	115	1	0.268939	0.268939
K2_vs_K4	K2	K4	6:13950000	6	13950000	55	1	0.215195	0.215195
K2_vs_K4	K2	K4	6:16300000	6	16300000	62	1	0.226329	0.226329
K2_vs_K4	K2	K4	6:19100000	6	19100000	53	1	0.241424	0.241424
K2_vs_K4	K2	K4	6:20100000	6	20100000	138	1	0.213252	0.213252
K2_vs_K4	K2	K4	6:20700000	6	20700000	22	1	0.211425	0.211425
K2_vs_K4	K2	K4	6:21400000	6	21400000	41	1	0.214609	0.214609
K2_vs_K4	K2	K4	7:22050000	7	22050000	31	1	0.23291	0.23291
K2_vs_K4	K2	K4	7:22400000	7	22400000	41	1	0.227396	0.227396
K2_vs_K4	K2	K4	7:25200000	7	25200000	34	1	0.211873	0.211873
K2_vs_K4	K2	K4	7:25500000	7	25500000	34	1	0.211699	0.211699
K2_vs_K4	K2	K4	7:25950000	7	25950000	28	1	0.226996	0.226996
K2_vs_K4	K2	K4	8:1800000	8	1800000	42	1	0.242196	0.242196
K2_vs_K4	K2	K4	8:8950000	8	8950000	34	1	0.214712	0.214712
K2_vs_K4	K2	K4	8:11500000	8	11500000	63	1	0.212324	0.212324
K2_vs_K4	K2	K4	8:12250000	8	12250000	89	1	0.218385	0.218385
K2_vs_K4	K2	K4	8:12600000	8	12600000	40	1	0.241047	0.241047
K2_vs_K4	K2	K4	8:13000000	8	13000000	49	1	0.210807	0.210807
K2_vs_K4	K2	K4	8:13700000	8	13700000	42	1	0.245552	0.245552
K2_vs_K4	K2	K4	8:14300000	8	14300000	50	1	0.241243	0.241243
K2_vs_K4	K2	K4	8:20000000	8	20000000	28	1	0.261786	0.261786
K2_vs_K4	K2	K4	9:4800000	9	4800000	59	1	0.211908	0.211908
K2_vs_K4	K2	K4	9:16450000	9	16450000	60	1	0.225684	0.225684
K2_vs_K4	K2	K4	9:17800000	9	17800000	45	1	0.22142	0.22142
K2_vs_K4	K2	K4	10:5700000	10	5700000	54	1	0.214936	0.214936
K2_vs_K4	K2	K4	10:8050000	10	8050000	43	1	0.262431	0.262431
K2_vs_K4	K2	K4	10:11250000	10	11250000	114	1	0.227542	0.227542
K2_vs_K4	K2	K4	10:11400000	10	11400000	48	1	0.221787	0.221787
K2_vs_K4	K2	K4	10:11750000	10	11750000	60	1	0.211447	0.211447
K2_vs_K4	K2	K4	10:18450000	10	18450000	158	1	0.29511	0.29511
K2_vs_K4	K2	K4	11:2500000	11	2500000	23	1	0.220513	0.220513
K2_vs_K4	K2	K4	13:1300000	13	1300000	33	1	0.223442	0.223442
K2_vs_K4	K2	K4	14:1000000	14	1000000	41	1	0.221761	0.221761
K2_vs_K4	K2	K4	14:13350000	14	13350000	23	1	0.220321	0.220321
K2_vs_K4	K2	K4	14:13700000	14	13700000	74	1	0.211695	0.211695
K2_vs_K4	K2	K4	14:19000000	14	19000000	27	1	0.268143	0.268143
K2_vs_K4	K2	K4	16:100000	16	100000	45	1	0.210006	0.210006
K2_vs_K4	K2	K4	16:21800000	16	21800000	34	1	0.229099	0.229099
K2_vs_K4	K2	K4	16:22100000	16	22100000	44	1	0.229898	0.229898
K2_vs_K4	K2	K4	17:7300000	17	7300000	27	1	0.242521	0.242521
K2_vs_K4	K2	K4	17:8250000	17	8250000	39	1	0.209865	0.209865
K2_vs_K4	K2	K4	17:8950000	17	8950000	52	1	0.239477	0.239477
K2_vs_K4	K2	K4	18:600000	18	600000	51	1	0.224201	0.224201
K2_vs_K4	K2	K4	18:850000	18	850000	41	1	0.259185	0.259185
K2_vs_K4	K2	K4	18:8000000	18	8000000	52	1	0.210479	0.210479
K2_vs_K4	K2	K4	18:33750000	18	33750000	68	1	0.232812	0.232812
K2_vs_K4	K2	K4	19:8000000	19	8000000	64	1	0.211314	0.211314
K2_vs_K5	K2	K5	2:4900000	2	4900000	21	1	0.215489	0.215489
K2_vs_K5	K2	K5	2:5500000	2	5500000	32	1	0.197475	0.197475
K2_vs_K5	K2	K5	3:950000	3	950000	54	1	0.21798	0.21798
K2_vs_K5	K2	K5	3:5750000	3	5750000	23	1	0.215761	0.215761
K2_vs_K5	K2	K5	6:8200000	6	8200000	36	1	0.199655	0.199655
K2_vs_K5	K2	K5	6:10450000	6	10450000	106	1	0.20935	0.20935
K2_vs_K5	K2	K5	6:10650000	6	10650000	35	1	0.198862	0.198862
K2_vs_K5	K2	K5	6:10950000	6	10950000	84	1	0.205371	0.205371
K2_vs_K5	K2	K5	6:11800000	6	11800000	113	1	0.201452	0.201452
K2_vs_K5	K2	K5	6:14150000	6	14150000	100	1	0.216451	0.216451
K2_vs_K5	K2	K5	6:20200000	6	20200000	70	1	0.20265	0.20265
K2_vs_K5	K2	K5	7:2300000	7	2300000	24	1	0.225682	0.225682
K2_vs_K5	K2	K5	7:2450000	7	2450000	48	1	0.222909	0.222909
K2_vs_K5	K2	K5	7:25150000	7	25150000	42	1	0.203404	0.203404
K2_vs_K5	K2	K5	7:28500000	7	28500000	99	1	0.198404	0.198404
K2_vs_K5	K2	K5	8:7300000	8	7300000	63	1	0.204994	0.204994
K2_vs_K5	K2	K5	8:7550000	8	7550000	58	1	0.248761	0.248761
K2_vs_K5	K2	K5	8:9200000	8	9200000	32	1	0.198307	0.198307
K2_vs_K5	K2	K5	8:11700000	8	11700000	67	1	0.20251	0.20251
K2_vs_K5	K2	K5	8:12050000	8	12050000	25	1	0.20094	0.20094
K2_vs_K5	K2	K5	8:20000000	8	20000000	32	1	0.216765	0.216765
K2_vs_K5	K2	K5	9:1450000	9	1450000	43	1	0.217985	0.217985
K2_vs_K5	K2	K5	9:18600000	9	18600000	78	1	0.203207	0.203207
K2_vs_K5	K2	K5	10:5350000	10	5350000	33	1	0.197146	0.197146
K2_vs_K5	K2	K5	10:5700000	10	5700000	55	1	0.225832	0.225832
K2_vs_K5	K2	K5	11:2350000	11	2350000	28	1	0.20187	0.20187
K2_vs_K5	K2	K5	11:2500000	11	2500000	35	1	0.227439	0.227439
K2_vs_K5	K2	K5	11:3750000	11	3750000	54	1	0.20419	0.20419
K2_vs_K5	K2	K5	11:4000000	11	4000000	73	1	0.202075	0.202075
K2_vs_K5	K2	K5	11:4700000	11	4700000	62	1	0.207296	0.207296
K2_vs_K5	K2	K5	11:18550000	11	18550000	67	1	0.206345	0.206345
K2_vs_K5	K2	K5	12:6900000	12	6900000	51	1	0.219697	0.219697
K2_vs_K5	K2	K5	14:900000	14	900000	42	1	0.202568	0.202568
K2_vs_K5	K2	K5	14:1200000	14	1200000	78	1	0.203242	0.203242
K2_vs_K5	K2	K5	14:26950000	14	26950000	59	1	0.198783	0.198783
K2_vs_K5	K2	K5	17:6700000	17	6700000	21	1	0.297885	0.297885
K2_vs_K5	K2	K5	17:7300000	17	7300000	33	1	0.247755	0.247755
K2_vs_K5	K2	K5	17:7600000	17	7600000	43	1	0.203736	0.203736
K2_vs_K5	K2	K5	17:8050000	17	8050000	20	1	0.225205	0.225205
K2_vs_K5	K2	K5	17:9650000	17	9650000	37	1	0.208496	0.208496
K2_vs_K5	K2	K5	17:13000000	17	13000000	54	1	0.221683	0.221683
K2_vs_K5	K2	K5	18:10600000	18	10600000	35	1	0.221075	0.221075
K2_vs_K5	K2	K5	18:10750000	18	10750000	41	1	0.201677	0.201677
K2_vs_K5	K2	K5	18:11900000	18	11900000	50	1	0.208367	0.208367
K2_vs_K6	K2	K6	1:12900000	1	12900000	66	1	0.197737	0.197737
K2_vs_K6	K2	K6	1:15650000	1	15650000	47	1	0.174598	0.174598
K2_vs_K6	K2	K6	1:18800000	1	18800000	57	1	0.170977	0.170977
K2_vs_K6	K2	K6	3:5100000	3	5100000	42	1	0.173973	0.173973
K2_vs_K6	K2	K6	3:5250000	3	5250000	41	1	0.192157	0.192157
K2_vs_K6	K2	K6	3:5400000	3	5400000	67	1	0.195477	0.195477
K2_vs_K6	K2	K6	3:5550000	3	5550000	45	1	0.157353	0.157353
K2_vs_K6	K2	K6	3:6250000	3	6250000	58	1	0.170361	0.170361
K2_vs_K6	K2	K6	3:6500000	3	6500000	36	1	0.207777	0.207777
K2_vs_K6	K2	K6	3:6850000	3	6850000	59	1	0.16139	0.16139
K2_vs_K6	K2	K6	4:2100000	4	2100000	24	1	0.176897	0.176897
K2_vs_K6	K2	K6	4:3000000	4	3000000	36	1	0.171293	0.171293
K2_vs_K6	K2	K6	5:7100000	5	7100000	111	1	0.183734	0.183734
K2_vs_K6	K2	K6	5:22950000	5	22950000	60	1	0.161212	0.161212
K2_vs_K6	K2	K6	6:11900000	6	11900000	48	1	0.163943	0.163943
K2_vs_K6	K2	K6	6:12500000	6	12500000	42	1	0.182525	0.182525
K2_vs_K6	K2	K6	6:20700000	6	20700000	22	1	0.157509	0.157509
K2_vs_K6	K2	K6	6:21150000	6	21150000	50	1	0.15799	0.15799
K2_vs_K6	K2	K6	6:21400000	6	21400000	48	1	0.155989	0.155989
K2_vs_K6	K2	K6	7:2450000	7	2450000	48	1	0.158497	0.158497
K2_vs_K6	K2	K6	7:7550000	7	7550000	28	1	0.170635	0.170635
K2_vs_K6	K2	K6	7:8700000	7	8700000	94	1	0.171187	0.171187
K2_vs_K6	K2	K6	7:18500000	7	18500000	27	1	0.184125	0.184125
K2_vs_K6	K2	K6	7:19050000	7	19050000	64	1	0.162652	0.162652
K2_vs_K6	K2	K6	7:21850000	7	21850000	49	1	0.228212	0.228212
K2_vs_K6	K2	K6	7:22050000	7	22050000	35	1	0.165746	0.165746
K2_vs_K6	K2	K6	8:7550000	8	7550000	59	1	0.172326	0.172326
K2_vs_K6	K2	K6	8:7950000	8	7950000	83	1	0.157235	0.157235
K2_vs_K6	K2	K6	8:9650000	8	9650000	49	1	0.176529	0.176529
K2_vs_K6	K2	K6	8:10600000	8	10600000	40	1	0.172079	0.172079
K2_vs_K6	K2	K6	8:14300000	8	14300000	54	1	0.164752	0.164752
K2_vs_K6	K2	K6	9:1200000	9	1200000	50	1	0.172979	0.172979
K2_vs_K6	K2	K6	9:4350000	9	4350000	104	1	0.163377	0.163377
K2_vs_K6	K2	K6	9:4900000	9	4900000	20	1	0.157789	0.157789
K2_vs_K6	K2	K6	9:5700000	9	5700000	79	1	0.156955	0.156955
K2_vs_K6	K2	K6	9:6950000	9	6950000	80	1	0.177035	0.177035
K2_vs_K6	K2	K6	9:7450000	9	7450000	86	1	0.197056	0.197056
K2_vs_K6	K2	K6	9:17800000	9	17800000	51	1	0.167674	0.167674
K2_vs_K6	K2	K6	9:18600000	9	18600000	77	1	0.199335	0.199335
K2_vs_K6	K2	K6	10:850000	10	850000	21	1	0.160763	0.160763
K2_vs_K6	K2	K6	10:5900000	10	5900000	52	1	0.16486	0.16486
K2_vs_K6	K2	K6	10:9100000	10	9100000	56	1	0.160511	0.160511
K2_vs_K6	K2	K6	11:500000	11	500000	33	1	0.161459	0.161459
K2_vs_K6	K2	K6	11:700000	11	700000	23	1	0.156814	0.156814
K2_vs_K6	K2	K6	11:1100000	11	1100000	30	1	0.15671	0.15671
K2_vs_K6	K2	K6	13:1650000	13	1650000	60	1	0.171395	0.171395
K2_vs_K6	K2	K6	13:27750000	13	27750000	45	1	0.181811	0.181811
K2_vs_K6	K2	K6	14:100000	14	100000	51	1	0.169577	0.169577
K2_vs_K6	K2	K6	16:22100000	16	22100000	50	1	0.174564	0.174564
K2_vs_K6	K2	K6	18:600000	18	600000	53	1	0.197982	0.197982
K2_vs_K6	K2	K6	18:8450000	18	8450000	32	1	0.158909	0.158909
K2_vs_K6	K2	K6	18:9500000	18	9500000	41	1	0.19757	0.19757
K2_vs_K7	K2	K7	1:11200000	1	11200000	65	1	0.232331	0.232331
K2_vs_K7	K2	K7	2:300000	2	300000	41	1	0.212506	0.212506
K2_vs_K7	K2	K7	2:5700000	2	5700000	67	1	0.212659	0.212659
K2_vs_K7	K2	K7	2:9050000	2	9050000	47	1	0.206389	0.206389
K2_vs_K7	K2	K7	3:2800000	3	2800000	21	1	0.216156	0.216156
K2_vs_K7	K2	K7	3:3550000	3	3550000	35	1	0.221307	0.221307
K2_vs_K7	K2	K7	3:5800000	3	5800000	53	1	0.199563	0.199563
K2_vs_K7	K2	K7	3:6250000	3	6250000	48	1	0.208217	0.208217
K2_vs_K7	K2	K7	3:7100000	3	7100000	82	1	0.211626	0.211626
K2_vs_K7	K2	K7	4:850000	4	850000	40	1	0.201823	0.201823
K2_vs_K7	K2	K7	4:2900000	4	2900000	31	1	0.250088	0.250088
K2_vs_K7	K2	K7	4:17400000	4	17400000	47	1	0.201747	0.201747
K2_vs_K7	K2	K7	5:23600000	5	23600000	29	1	0.211568	0.211568
K2_vs_K7	K2	K7	6:12500000	6	12500000	39	1	0.229788	0.229788
K2_vs_K7	K2	K7	7:7550000	7	7550000	26	1	0.20951	0.20951
K2_vs_K7	K2	K7	7:8700000	7	8700000	92	1	0.203113	0.203113
K2_vs_K7	K2	K7	7:16050000	7	16050000	92	1	0.208511	0.208511
K2_vs_K7	K2	K7	7:18500000	7	18500000	28	1	0.201681	0.201681
K2_vs_K7	K2	K7	8:8100000	8	8100000	43	1	0.213348	0.213348
K2_vs_K7	K2	K7	8:18250000	8	18250000	34	1	0.202757	0.202757
K2_vs_K7	K2	K7	8:21450000	8	21450000	42	1	0.222427	0.222427
K2_vs_K7	K2	K7	8:22200000	8	22200000	25	1	0.19929	0.19929
K2_vs_K7	K2	K7	9:3750000	9	3750000	57	1	0.199391	0.199391
K2_vs_K7	K2	K7	9:4400000	9	4400000	56	1	0.230092	0.230092
K2_vs_K7	K2	K7	9:7200000	9	7200000	23	1	0.233889	0.233889
K2_vs_K7	K2	K7	9:8650000	9	8650000	66	1	0.207194	0.207194
K2_vs_K7	K2	K7	9:14500000	9	14500000	26	1	0.20986	0.20986
K2_vs_K7	K2	K7	9:18600000	9	18600000	72	1	0.210469	0.210469
K2_vs_K7	K2	K7	9:19800000	9	19800000	73	1	0.264266	0.264266
K2_vs_K7	K2	K7	10:200000	10	200000	36	1	0.205502	0.205502
K2_vs_K7	K2	K7	10:5350000	10	5350000	32	1	0.216664	0.216664
K2_vs_K7	K2	K7	10:5550000	10	5550000	26	1	0.226602	0.226602
K2_vs_K7	K2	K7	10:5700000	10	5700000	59	1	0.228495	0.228495
K2_vs_K7	K2	K7	10:6800000	10	6800000	97	1	0.200314	0.200314
K2_vs_K7	K2	K7	10:17550000	10	17550000	28	1	0.220526	0.220526
K2_vs_K7	K2	K7	11:5050000	11	5050000	83	1	0.202426	0.202426
K2_vs_K7	K2	K7	12:19350000	12	19350000	133	1	0.205221	0.205221
K2_vs_K7	K2	K7	14:5500000	14	5500000	44	1	0.232097	0.232097
K2_vs_K7	K2	K7	14:6050000	14	6050000	74	1	0.200736	0.200736
K2_vs_K7	K2	K7	14:13900000	14	13900000	97	1	0.200879	0.200879
K2_vs_K7	K2	K7	14:17350000	14	17350000	64	1	0.209809	0.209809
K2_vs_K7	K2	K7	14:18050000	14	18050000	58	1	0.212752	0.212752
K2_vs_K7	K2	K7	16:1250000	16	1250000	78	1	0.209494	0.209494
K2_vs_K7	K2	K7	16:5300000	16	5300000	98	1	0.210312	0.210312
K2_vs_K7	K2	K7	16:21750000	16	21750000	82	1	0.199582	0.199582
K2_vs_K7	K2	K7	17:7500000	17	7500000	42	1	0.225353	0.225353
K2_vs_K7	K2	K7	17:7750000	17	7750000	51	1	0.22535	0.22535
K2_vs_K7	K2	K7	18:3750000	18	3750000	30	1	0.205524	0.205524
K2_vs_K7	K2	K7	18:23000000	18	23000000	31	1	0.244187	0.244187
K3_vs_K4	K3	K4	1:3850000	1	3850000	23	1	0.302619	0.302619
K3_vs_K4	K3	K4	1:10900000	1	10900000	23	1	0.321439	0.321439
K3_vs_K4	K3	K4	1:11100000	1	11100000	47	1	0.316461	0.316461
K3_vs_K4	K3	K4	1:11250000	1	11250000	48	1	0.371069	0.371069
K3_vs_K4	K3	K4	1:11550000	1	11550000	83	1	0.324475	0.324475
K3_vs_K4	K3	K4	1:11900000	1	11900000	87	1	0.319105	0.319105
K3_vs_K4	K3	K4	1:22150000	1	22150000	35	1	0.320783	0.320783
K3_vs_K4	K3	K4	1:23200000	1	23200000	45	1	0.323005	0.323005
K3_vs_K4	K3	K4	1:23350000	1	23350000	20	1	0.304038	0.304038
K3_vs_K4	K3	K4	2:1250000	2	1250000	31	1	0.332028	0.332028
K3_vs_K4	K3	K4	2:6850000	2	6850000	66	1	0.33371	0.33371
K3_vs_K4	K3	K4	3:5650000	3	5650000	57	1	0.313233	0.313233
K3_vs_K4	K3	K4	3:6250000	3	6250000	44	1	0.304979	0.304979
K3_vs_K4	K3	K4	3:8400000	3	8400000	46	1	0.356231	0.356231
K3_vs_K4	K3	K4	3:12600000	3	12600000	55	1	0.340004	0.340004
K3_vs_K4	K3	K4	3:13050000	3	13050000	43	1	0.311538	0.311538
K3_vs_K4	K3	K4	3:17800000	3	17800000	56	1	0.298295	0.298295
K3_vs_K4	K3	K4	4:6600000	4	6600000	23	1	0.329803	0.329803
K3_vs_K4	K3	K4	4:24300000	4	24300000	95	1	0.298143	0.298143
K3_vs_K4	K3	K4	5:12300000	5	12300000	89	1	0.296382	0.296382
K3_vs_K4	K3	K4	8:10800000	8	10800000	27	1	0.40349	0.40349
K3_vs_K4	K3	K4	8:11150000	8	11150000	29	1	0.333864	0.333864
K3_vs_K4	K3	K4	8:12900000	8	12900000	24	1	0.348827	0.348827
K3_vs_K4	K3	K4	10:23900000	10	23900000	24	1	0.331439	0.331439
K3_vs_K4	K3	K4	11:600000	11	600000	23	1	0.301893	0.301893
K3_vs_K4	K3	K4	11:2900000	11	2900000	25	1	0.298029	0.298029
K3_vs_K4	K3	K4	11:3400000	11	3400000	28	1	0.324616	0.324616
K3_vs_K4	K3	K4	11:3850000	11	3850000	48	1	0.335467	0.335467
K3_vs_K4	K3	K4	11:10500000	11	10500000	35	1	0.297609	0.297609
K3_vs_K4	K3	K4	12:14400000	12	14400000	51	1	0.30971	0.30971
K3_vs_K4	K3	K4	12:17900000	12	17900000	82	1	0.347254	0.347254
K3_vs_K4	K3	K4	14:1100000	14	1100000	34	1	0.312105	0.312105
K3_vs_K4	K3	K4	14:8800000	14	8800000	24	1	0.384688	0.384688
K3_vs_K4	K3	K4	14:10550000	14	10550000	36	1	0.308879	0.308879
K3_vs_K4	K3	K4	14:10800000	14	10800000	124	1	0.296251	0.296251
K3_vs_K4	K3	K4	14:10950000	14	10950000	33	1	0.298482	0.298482
K3_vs_K4	K3	K4	14:11200000	14	11200000	41	1	0.324362	0.324362
K3_vs_K4	K3	K4	14:12550000	14	12550000	23	1	0.364131	0.364131
K3_vs_K4	K3	K4	14:13950000	14	13950000	61	1	0.311207	0.311207
K3_vs_K4	K3	K4	14:15650000	14	15650000	21	1	0.316059	0.316059
K3_vs_K4	K3	K4	16:100000	16	100000	37	1	0.299358	0.299358
K3_vs_K4	K3	K4	16:22100000	16	22100000	39	1	0.302671	0.302671
K3_vs_K4	K3	K4	16:22750000	16	22750000	42	1	0.304758	0.304758
K3_vs_K4	K3	K4	17:8800000	17	8800000	24	1	0.300232	0.300232
K3_vs_K4	K3	K4	17:8950000	17	8950000	48	1	0.296848	0.296848
K3_vs_K4	K3	K4	18:2100000	18	2100000	33	1	0.303284	0.303284
K3_vs_K4	K3	K4	18:3550000	18	3550000	33	1	0.301786	0.301786
K3_vs_K4	K3	K4	18:6950000	18	6950000	46	1	0.299801	0.299801
K3_vs_K4	K3	K4	18:7850000	18	7850000	38	1	0.322611	0.322611
K3_vs_K4	K3	K4	18:9450000	18	9450000	25	1	0.332859	0.332859
K3_vs_K4	K3	K4	18:12450000	18	12450000	28	1	0.31195	0.31195
K3_vs_K4	K3	K4	18:13450000	18	13450000	39	1	0.330239	0.330239
K3_vs_K4	K3	K4	18:26750000	18	26750000	27	1	0.415883	0.415883
K3_vs_K4	K3	K4	19:6050000	19	6050000	33	1	0.303586	0.303586
K3_vs_K4	K3	K4	19:6250000	19	6250000	46	1	0.304005	0.304005
K3_vs_K4	K3	K4	19:22900000	19	22900000	63	1	0.316518	0.316518
K3_vs_K4	K3	K4	19:23750000	19	23750000	91	1	0.297184	0.297184
K3_vs_K4	K3	K4	19:24100000	19	24100000	38	1	0.333764	0.333764
K3_vs_K5	K3	K5	1:4800000	1	4800000	49	1	0.267657	0.267657
K3_vs_K5	K3	K5	1:12700000	1	12700000	47	1	0.293553	0.293553
K3_vs_K5	K3	K5	1:13450000	1	13450000	65	1	0.310828	0.310828
K3_vs_K5	K3	K5	1:18500000	1	18500000	33	1	0.259811	0.259811
K3_vs_K5	K3	K5	1:20800000	1	20800000	40	1	0.270328	0.270328
K3_vs_K5	K3	K5	2:1050000	2	1050000	22	1	0.297445	0.297445
K3_vs_K5	K3	K5	2:1950000	2	1950000	41	1	0.279589	0.279589
K3_vs_K5	K3	K5	2:4150000	2	4150000	30	1	0.293328	0.293328
K3_vs_K5	K3	K5	2:4550000	2	4550000	22	1	0.350161	0.350161
K3_vs_K5	K3	K5	2:5250000	2	5250000	47	1	0.272875	0.272875
K3_vs_K5	K3	K5	3:950000	3	950000	50	1	0.270785	0.270785
K3_vs_K5	K3	K5	4:850000	4	850000	35	1	0.290014	0.290014
K3_vs_K5	K3	K5	4:6400000	4	6400000	34	1	0.322553	0.322553
K3_vs_K5	K3	K5	4:23600000	4	23600000	36	1	0.281955	0.281955
K3_vs_K5	K3	K5	5:3100000	5	3100000	53	1	0.287292	0.287292
K3_vs_K5	K3	K5	5:4300000	5	4300000	61	1	0.262577	0.262577
K3_vs_K5	K3	K5	5:5550000	5	5550000	76	1	0.269755	0.269755
K3_vs_K5	K3	K5	5:6200000	5	6200000	35	1	0.264801	0.264801
K3_vs_K5	K3	K5	5:6400000	5	6400000	35	1	0.272369	0.272369
K3_vs_K5	K3	K5	5:14850000	5	14850000	26	1	0.257592	0.257592
K3_vs_K5	K3	K5	6:4900000	6	4900000	26	1	0.276097	0.276097
K3_vs_K5	K3	K5	6:6500000	6	6500000	29	1	0.266602	0.266602
K3_vs_K5	K3	K5	6:7900000	6	7900000	35	1	0.255811	0.255811
K3_vs_K5	K3	K5	6:18050000	6	18050000	34	1	0.271588	0.271588
K3_vs_K5	K3	K5	6:19200000	6	19200000	63	1	0.276189	0.276189
K3_vs_K5	K3	K5	6:20700000	6	20700000	21	1	0.280905	0.280905
K3_vs_K5	K3	K5	7:21500000	7	21500000	21	1	0.255388	0.255388
K3_vs_K5	K3	K5	7:24150000	7	24150000	40	1	0.258298	0.258298
K3_vs_K5	K3	K5	7:24300000	7	24300000	37	1	0.25708	0.25708
K3_vs_K5	K3	K5	7:24750000	7	24750000	38	1	0.260255	0.260255
K3_vs_K5	K3	K5	8:10400000	8	10400000	47	1	0.254707	0.254707
K3_vs_K5	K3	K5	8:10600000	8	10600000	30	1	0.262634	0.262634
K3_vs_K5	K3	K5	8:10850000	8	10850000	42	1	0.266681	0.266681
K3_vs_K5	K3	K5	8:16800000	8	16800000	34	1	0.334298	0.334298
K3_vs_K5	K3	K5	8:17250000	8	17250000	46	1	0.281533	0.281533
K3_vs_K5	K3	K5	8:17700000	8	17700000	20	1	0.296924	0.296924
K3_vs_K5	K3	K5	11:2500000	11	2500000	32	1	0.279409	0.279409
K3_vs_K5	K3	K5	11:4300000	11	4300000	76	1	0.285123	0.285123
K3_vs_K5	K3	K5	11:8300000	11	8300000	25	1	0.274349	0.274349
K3_vs_K5	K3	K5	11:9950000	11	9950000	29	1	0.282303	0.282303
K3_vs_K5	K3	K5	11:18250000	11	18250000	66	1	0.257789	0.257789
K3_vs_K5	K3	K5	12:7450000	12	7450000	42	1	0.262782	0.262782
K3_vs_K5	K3	K5	13:24500000	13	24500000	35	1	0.267958	0.267958
K3_vs_K5	K3	K5	14:7450000	14	7450000	26	1	0.293784	0.293784
K3_vs_K5	K3	K5	14:27850000	14	27850000	44	1	0.265855	0.265855
K3_vs_K5	K3	K5	14:28000000	14	28000000	25	1	0.284018	0.284018
K3_vs_K5	K3	K5	14:28800000	14	28800000	22	1	0.258817	0.258817
K3_vs_K5	K3	K5	17:6500000	17	6500000	33	1	0.278645	0.278645
K3_vs_K5	K3	K5	17:6700000	17	6700000	20	1	0.272931	0.272931
K3_vs_K5	K3	K5	17:10650000	17	10650000	48	1	0.274753	0.274753
K3_vs_K5	K3	K5	17:13000000	17	13000000	53	1	0.294508	0.294508
K3_vs_K5	K3	K5	17:16300000	17	16300000	52	1	0.255684	0.255684
K3_vs_K5	K3	K5	18:5200000	18	5200000	36	1	0.302806	0.302806
K3_vs_K5	K3	K5	18:6450000	18	6450000	44	1	0.270149	0.270149
K3_vs_K5	K3	K5	18:6600000	18	6600000	41	1	0.285461	0.285461
K3_vs_K5	K3	K5	18:7850000	18	7850000	41	1	0.256215	0.256215
K3_vs_K5	K3	K5	18:10750000	18	10750000	44	1	0.262317	0.262317
K3_vs_K5	K3	K5	18:12200000	18	12200000	40	1	0.258399	0.258399
K3_vs_K5	K3	K5	18:12450000	18	12450000	26	1	0.310288	0.310288
K3_vs_K5	K3	K5	19:550000	19	550000	24	1	0.2698	0.2698
K3_vs_K5	K3	K5	19:1900000	19	1900000	28	1	0.2688	0.2688
K3_vs_K5	K3	K5	19:2500000	19	2500000	46	1	0.292292	0.292292
K3_vs_K6	K3	K6	1:2050000	1	2050000	50	1	0.183731	0.183731
K3_vs_K6	K3	K6	1:4100000	1	4100000	54	1	0.21744	0.21744
K3_vs_K6	K3	K6	1:5100000	1	5100000	37	1	0.219018	0.219018
K3_vs_K6	K3	K6	1:17750000	1	17750000	52	1	0.194498	0.194498
K3_vs_K6	K3	K6	1:20200000	1	20200000	70	1	0.215631	0.215631
K3_vs_K6	K3	K6	1:20800000	1	20800000	37	1	0.208403	0.208403
K3_vs_K6	K3	K6	2:1950000	2	1950000	41	1	0.213444	0.213444
K3_vs_K6	K3	K6	2:4600000	2	4600000	24	1	0.18928	0.18928
K3_vs_K6	K3	K6	2:5950000	2	5950000	48	1	0.185921	0.185921
K3_vs_K6	K3	K6	2:6850000	2	6850000	78	1	0.201508	0.201508
K3_vs_K6	K3	K6	2:18700000	2	18700000	23	1	0.196521	0.196521
K3_vs_K6	K3	K6	3:8400000	3	8400000	54	1	0.21758	0.21758
K3_vs_K6	K3	K6	3:9200000	3	9200000	95	1	0.193773	0.193773
K3_vs_K6	K3	K6	3:9600000	3	9600000	76	1	0.194716	0.194716
K3_vs_K6	K3	K6	4:150000	4	150000	32	1	0.286714	0.286714
K3_vs_K6	K3	K6	4:1000000	4	1000000	65	1	0.232455	0.232455
K3_vs_K6	K3	K6	4:1950000	4	1950000	28	1	0.188948	0.188948
K3_vs_K6	K3	K6	4:15700000	4	15700000	51	1	0.199099	0.199099
K3_vs_K6	K3	K6	4:16200000	4	16200000	78	1	0.189321	0.189321
K3_vs_K6	K3	K6	4:19150000	4	19150000	31	1	0.204657	0.204657
K3_vs_K6	K3	K6	5:8150000	5	8150000	44	1	0.192314	0.192314
K3_vs_K6	K3	K6	5:17350000	5	17350000	52	1	0.197171	0.197171
K3_vs_K6	K3	K6	5:25400000	5	25400000	110	1	0.223344	0.223344
K3_vs_K6	K3	K6	7:950000	7	950000	28	1	0.199345	0.199345
K3_vs_K6	K3	K6	7:6900000	7	6900000	57	1	0.21333	0.21333
K3_vs_K6	K3	K6	7:7800000	7	7800000	55	1	0.192764	0.192764
K3_vs_K6	K3	K6	7:9400000	7	9400000	75	1	0.190929	0.190929
K3_vs_K6	K3	K6	7:11300000	7	11300000	28	1	0.18864	0.18864
K3_vs_K6	K3	K6	7:14350000	7	14350000	25	1	0.197274	0.197274
K3_vs_K6	K3	K6	7:15050000	7	15050000	54	1	0.255543	0.255543
K3_vs_K6	K3	K6	7:15650000	7	15650000	85	1	0.250019	0.250019
K3_vs_K6	K3	K6	8:1450000	8	1450000	27	1	0.230973	0.230973
K3_vs_K6	K3	K6	9:6200000	9	6200000	63	1	0.185057	0.185057
K3_vs_K6	K3	K6	9:7300000	9	7300000	79	1	0.187716	0.187716
K3_vs_K6	K3	K6	9:18150000	9	18150000	103	1	0.193526	0.193526
K3_vs_K6	K3	K6	10:850000	10	850000	21	1	0.213189	0.213189
K3_vs_K6	K3	K6	10:1300000	10	1300000	51	1	0.184478	0.184478
K3_vs_K6	K3	K6	11:2850000	11	2850000	53	1	0.213736	0.213736
K3_vs_K6	K3	K6	11:10500000	11	10500000	35	1	0.212758	0.212758
K3_vs_K6	K3	K6	11:18250000	11	18250000	76	1	0.186097	0.186097
K3_vs_K6	K3	K6	13:400000	13	400000	23	1	0.191331	0.191331
K3_vs_K6	K3	K6	14:8800000	14	8800000	36	1	0.206297	0.206297
K3_vs_K6	K3	K6	14:10550000	14	10550000	70	1	0.199606	0.199606
K3_vs_K6	K3	K6	14:11550000	14	11550000	49	1	0.186262	0.186262
K3_vs_K6	K3	K6	14:12550000	14	12550000	38	1	0.255953	0.255953
K3_vs_K6	K3	K6	14:21100000	14	21100000	49	1	0.209017	0.209017
K3_vs_K6	K3	K6	14:23000000	14	23000000	69	1	0.190658	0.190658
K3_vs_K6	K3	K6	15:4350000	15	4350000	65	1	0.183712	0.183712
K3_vs_K6	K3	K6	15:13550000	15	13550000	59	1	0.196779	0.196779
K3_vs_K6	K3	K6	16:2350000	16	2350000	63	1	0.216444	0.216444
K3_vs_K6	K3	K6	16:5800000	16	5800000	30	1	0.202394	0.202394
K3_vs_K6	K3	K6	16:7900000	16	7900000	68	1	0.191111	0.191111
K3_vs_K6	K3	K6	17:13550000	17	13550000	31	1	0.220627	0.220627
K3_vs_K6	K3	K6	17:15700000	17	15700000	199	1	0.189075	0.189075
K3_vs_K6	K3	K6	17:17350000	17	17350000	40	1	0.21798	0.21798
K3_vs_K6	K3	K6	18:6450000	18	6450000	43	1	0.207263	0.207263
K3_vs_K6	K3	K6	18:7450000	18	7450000	67	1	0.183915	0.183915
K3_vs_K6	K3	K6	18:23550000	18	23550000	66	1	0.22913	0.22913
K3_vs_K6	K3	K6	19:2550000	19	2550000	36	1	0.189029	0.189029
K3_vs_K6	K3	K6	19:5750000	19	5750000	43	1	0.209153	0.209153
K3_vs_K6	K3	K6	19:22700000	19	22700000	73	1	0.189814	0.189814
K3_vs_K6	K3	K6	19:22900000	19	22900000	73	1	0.21345	0.21345
K3_vs_K6	K3	K6	19:23700000	19	23700000	52	1	0.192548	0.192548
K3_vs_K6	K3	K6	19:24100000	19	24100000	50	1	0.1869	0.1869
K3_vs_K7	K3	K7	1:9850000	1	9850000	42	1	0.315367	0.315367
K3_vs_K7	K3	K7	1:11550000	1	11550000	102	1	0.276871	0.276871
K3_vs_K7	K3	K7	1:12400000	1	12400000	73	1	0.350829	0.350829
K3_vs_K7	K3	K7	1:13450000	1	13450000	62	1	0.322316	0.322316
K3_vs_K7	K3	K7	2:1600000	2	1600000	49	1	0.304545	0.304545
K3_vs_K7	K3	K7	2:8250000	2	8250000	57	1	0.288023	0.288023
K3_vs_K7	K3	K7	3:8400000	3	8400000	50	1	0.280001	0.280001
K3_vs_K7	K3	K7	4:23850000	4	23850000	31	1	0.274919	0.274919
K3_vs_K7	K3	K7	5:1200000	5	1200000	22	1	0.288628	0.288628
K3_vs_K7	K3	K7	5:4300000	5	4300000	48	1	0.292935	0.292935
K3_vs_K7	K3	K7	5:23600000	5	23600000	20	1	0.329884	0.329884
K3_vs_K7	K3	K7	6:1400000	6	1400000	50	1	0.306231	0.306231
K3_vs_K7	K3	K7	6:6500000	6	6500000	29	1	0.408736	0.408736
K3_vs_K7	K3	K7	6:17650000	6	17650000	58	1	0.294694	0.294694
K3_vs_K7	K3	K7	6:18050000	6	18050000	30	1	0.278427	0.278427
K3_vs_K7	K3	K7	6:20450000	6	20450000	54	1	0.360444	0.360444
K3_vs_K7	K3	K7	6:20700000	6	20700000	21	1	0.299785	0.299785
K3_vs_K7	K3	K7	7:2300000	7	2300000	22	1	0.333441	0.333441
K3_vs_K7	K3	K7	7:7250000	7	7250000	68	1	0.27389	0.27389
K3_vs_K7	K3	K7	7:7800000	7	7800000	44	1	0.285038	0.285038
K3_vs_K7	K3	K7	7:21500000	7	21500000	20	1	0.275846	0.275846
K3_vs_K7	K3	K7	7:24750000	7	24750000	27	1	0.287224	0.287224
K3_vs_K7	K3	K7	8:10150000	8	10150000	39	1	0.300148	0.300148
K3_vs_K7	K3	K7	8:10450000	8	10450000	52	1	0.289013	0.289013
K3_vs_K7	K3	K7	8:10600000	8	10600000	32	1	0.286683	0.286683
K3_vs_K7	K3	K7	8:11450000	8	11450000	26	1	0.283848	0.283848
K3_vs_K7	K3	K7	8:13850000	8	13850000	20	1	0.316472	0.316472
K3_vs_K7	K3	K7	9:17850000	9	17850000	47	1	0.276103	0.276103
K3_vs_K7	K3	K7	10:1500000	10	1500000	22	1	0.287741	0.287741
K3_vs_K7	K3	K7	10:5950000	10	5950000	41	1	0.30841	0.30841
K3_vs_K7	K3	K7	11:7400000	11	7400000	25	1	0.31737	0.31737
K3_vs_K7	K3	K7	11:9950000	11	9950000	27	1	0.341689	0.341689
K3_vs_K7	K3	K7	11:10250000	11	10250000	100	1	0.2829	0.2829
K3_vs_K7	K3	K7	11:10850000	11	10850000	28	1	0.363378	0.363378
K3_vs_K7	K3	K7	11:12450000	11	12450000	61	1	0.278992	0.278992
K3_vs_K7	K3	K7	11:12750000	11	12750000	83	1	0.288177	0.288177
K3_vs_K7	K3	K7	11:16100000	11	16100000	31	1	0.293498	0.293498
K3_vs_K7	K3	K7	12:11100000	12	11100000	112	1	0.280719	0.280719
K3_vs_K7	K3	K7	12:17900000	12	17900000	87	1	0.300056	0.300056
K3_vs_K7	K3	K7	12:20200000	12	20200000	29	1	0.340549	0.340549
K3_vs_K7	K3	K7	13:6100000	13	6100000	28	1	0.413369	0.413369
K3_vs_K7	K3	K7	14:8800000	14	8800000	29	1	0.312867	0.312867
K3_vs_K7	K3	K7	14:17500000	14	17500000	36	1	0.275621	0.275621
K3_vs_K7	K3	K7	14:17700000	14	17700000	57	1	0.285311	0.285311
K3_vs_K7	K3	K7	14:17950000	14	17950000	84	1	0.320366	0.320366
K3_vs_K7	K3	K7	14:21100000	14	21100000	45	1	0.294425	0.294425
K3_vs_K7	K3	K7	14:23000000	14	23000000	54	1	0.273363	0.273363
K3_vs_K7	K3	K7	14:27950000	14	27950000	50	1	0.277233	0.277233
K3_vs_K7	K3	K7	16:1800000	16	1800000	41	1	0.296328	0.296328
K3_vs_K7	K3	K7	16:18500000	16	18500000	56	1	0.296749	0.296749
K3_vs_K7	K3	K7	18:1600000	18	1600000	62	1	0.304809	0.304809
K3_vs_K7	K3	K7	18:3550000	18	3550000	33	1	0.304429	0.304429
K3_vs_K7	K3	K7	18:6600000	18	6600000	32	1	0.3004	0.3004
K3_vs_K7	K3	K7	18:6750000	18	6750000	45	1	0.342505	0.342505
K3_vs_K7	K3	K7	18:12450000	18	12450000	30	1	0.278101	0.278101
K3_vs_K7	K3	K7	18:21000000	18	21000000	43	1	0.278032	0.278032
K3_vs_K7	K3	K7	18:21250000	18	21250000	33	1	0.370126	0.370126
K3_vs_K7	K3	K7	18:23300000	18	23300000	102	1	0.285085	0.285085
K3_vs_K7	K3	K7	19:2600000	19	2600000	33	1	0.280617	0.280617
K3_vs_K7	K3	K7	19:7450000	19	7450000	62	1	0.275981	0.275981
K4_vs_K5	K4	K5	1:11900000	1	11900000	104	1	0.243059	0.243059
K4_vs_K5	K4	K5	1:13450000	1	13450000	59	1	0.244616	0.244616
K4_vs_K5	K4	K5	1:18550000	1	18550000	67	1	0.252058	0.252058
K4_vs_K5	K4	K5	1:22000000	1	22000000	66	1	0.258146	0.258146
K4_vs_K5	K4	K5	1:23200000	1	23200000	51	1	0.263202	0.263202
K4_vs_K5	K4	K5	2:1050000	2	1050000	22	1	0.245019	0.245019
K4_vs_K5	K4	K5	2:1800000	2	1800000	21	1	0.252058	0.252058
K4_vs_K5	K4	K5	2:4150000	2	4150000	31	1	0.252807	0.252807
K4_vs_K5	K4	K5	2:4550000	2	4550000	23	1	0.286988	0.286988
K4_vs_K5	K4	K5	2:5250000	2	5250000	48	1	0.257051	0.257051
K4_vs_K5	K4	K5	3:150000	3	150000	60	1	0.249139	0.249139
K4_vs_K5	K4	K5	3:650000	3	650000	43	1	0.256665	0.256665
K4_vs_K5	K4	K5	4:6700000	4	6700000	56	1	0.261121	0.261121
K4_vs_K5	K4	K5	6:5000000	6	5000000	25	1	0.282497	0.282497
K4_vs_K5	K4	K5	6:9050000	6	9050000	25	1	0.24466	0.24466
K4_vs_K5	K4	K5	6:12150000	6	12150000	28	1	0.272068	0.272068
K4_vs_K5	K4	K5	7:2000000	7	2000000	37	1	0.254386	0.254386
K4_vs_K5	K4	K5	7:24300000	7	24300000	34	1	0.271106	0.271106
K4_vs_K5	K4	K5	7:25050000	7	25050000	46	1	0.24978	0.24978
K4_vs_K5	K4	K5	8:10000000	8	10000000	55	1	0.251148	0.251148
K4_vs_K5	K4	K5	8:10800000	8	10800000	33	1	0.25199	0.25199
K4_vs_K5	K4	K5	8:13300000	8	13300000	57	1	0.254627	0.254627
K4_vs_K5	K4	K5	8:14200000	8	14200000	27	1	0.243342	0.243342
K4_vs_K5	K4	K5	8:15600000	8	15600000	24	1	0.269045	0.269045
K4_vs_K5	K4	K5	8:16800000	8	16800000	33	1	0.300668	0.300668
K4_vs_K5	K4	K5	8:16950000	8	16950000	40	1	0.247858	0.247858
K4_vs_K5	K4	K5	8:22200000	8	22200000	22	1	0.278382	0.278382
K4_vs_K5	K4	K5	9:600000	9	600000	42	1	0.258169	0.258169
K4_vs_K5	K4	K5	9:1450000	9	1450000	39	1	0.271032	0.271032
K4_vs_K5	K4	K5	11:2900000	11	2900000	37	1	0.251566	0.251566
K4_vs_K5	K4	K5	11:3050000	11	3050000	50	1	0.257272	0.257272
K4_vs_K5	K4	K5	11:3250000	11	3250000	61	1	0.338035	0.338035
K4_vs_K5	K4	K5	11:4700000	11	4700000	60	1	0.243879	0.243879
K4_vs_K5	K4	K5	11:5050000	11	5050000	76	1	0.248257	0.248257
K4_vs_K5	K4	K5	12:7050000	12	7050000	65	1	0.252519	0.252519
K4_vs_K5	K4	K5	12:7450000	12	7450000	42	1	0.252123	0.252123
K4_vs_K5	K4	K5	14:900000	14	900000	40	1	0.294908	0.294908
K4_vs_K5	K4	K5	14:22500000	14	22500000	45	1	0.255065	0.255065
K4_vs_K5	K4	K5	14:22650000	14	22650000	47	1	0.247388	0.247388
K4_vs_K5	K4	K5	15:22050000	15	22050000	29	1	0.280097	0.280097
K4_vs_K5	K4	K5	16:22700000	16	22700000	53	1	0.283573	0.283573
K4_vs_K5	K4	K5	17:6700000	17	6700000	21	1	0.286013	0.286013
K4_vs_K5	K4	K5	17:11100000	17	11100000	52	1	0.249244	0.249244
K4_vs_K5	K4	K5	17:12400000	17	12400000	51	1	0.263849	0.263849
K4_vs_K5	K4	K5	17:13000000	17	13000000	50	1	0.331401	0.331401
K4_vs_K5	K4	K5	18:10000000	18	10000000	44	1	0.263884	0.263884
K4_vs_K6	K4	K6	1:10900000	1	10900000	29	1	0.162961	0.162961
K4_vs_K6	K4	K6	1:11250000	1	11250000	59	1	0.181737	0.181737
K4_vs_K6	K4	K6	1:12900000	1	12900000	53	1	0.207984	0.207984
K4_vs_K6	K4	K6	1:23150000	1	23150000	27	1	0.205312	0.205312
K4_vs_K6	K4	K6	1:23600000	1	23600000	41	1	0.164471	0.164471
K4_vs_K6	K4	K6	3:650000	3	650000	45	1	0.166363	0.166363
K4_vs_K6	K4	K6	3:1850000	3	1850000	26	1	0.182464	0.182464
K4_vs_K6	K4	K6	3:5100000	3	5100000	42	1	0.157965	0.157965
K4_vs_K6	K4	K6	3:5250000	3	5250000	44	1	0.159993	0.159993
K4_vs_K6	K4	K6	3:9600000	3	9600000	71	1	0.160117	0.160117
K4_vs_K6	K4	K6	5:12050000	5	12050000	41	1	0.214902	0.214902
K4_vs_K6	K4	K6	5:21050000	5	21050000	50	1	0.19441	0.19441
K4_vs_K6	K4	K6	5:21350000	5	21350000	95	1	0.172455	0.172455
K4_vs_K6	K4	K6	5:25400000	5	25400000	115	1	0.187184	0.187184
K4_vs_K6	K4	K6	6:18250000	6	18250000	100	1	0.160748	0.160748
K4_vs_K6	K4	K6	7:16350000	7	16350000	84	1	0.159752	0.159752
K4_vs_K6	K4	K6	8:9450000	8	9450000	65	1	0.161552	0.161552
K4_vs_K6	K4	K6	8:9950000	8	9950000	68	1	0.160594	0.160594
K4_vs_K6	K4	K6	8:10400000	8	10400000	52	1	0.178216	0.178216
K4_vs_K6	K4	K6	8:10800000	8	10800000	35	1	0.164432	0.164432
K4_vs_K6	K4	K6	8:13000000	8	13000000	47	1	0.163587	0.163587
K4_vs_K6	K4	K6	8:14300000	8	14300000	49	1	0.167349	0.167349
K4_vs_K6	K4	K6	9:400000	9	400000	62	1	0.15878	0.15878
K4_vs_K6	K4	K6	9:750000	9	750000	35	1	0.177851	0.177851
K4_vs_K6	K4	K6	9:1200000	9	1200000	50	1	0.161719	0.161719
K4_vs_K6	K4	K6	9:4300000	9	4300000	67	1	0.15894	0.15894
K4_vs_K6	K4	K6	9:10550000	9	10550000	82	1	0.158557	0.158557
K4_vs_K6	K4	K6	9:18300000	9	18300000	121	1	0.171064	0.171064
K4_vs_K6	K4	K6	9:23000000	9	23000000	78	1	0.181564	0.181564
K4_vs_K6	K4	K6	10:9100000	10	9100000	52	1	0.186619	0.186619
K4_vs_K6	K4	K6	10:11750000	10	11750000	61	1	0.195553	0.195553
K4_vs_K6	K4	K6	10:18450000	10	18450000	167	1	0.213615	0.213615
K4_vs_K6	K4	K6	10:19450000	10	19450000	164	1	0.170402	0.170402
K4_vs_K6	K4	K6	11:1000000	11	1000000	26	1	0.222326	0.222326
K4_vs_K6	K4	K6	12:2450000	12	2450000	102	1	0.170717	0.170717
K4_vs_K6	K4	K6	12:2850000	12	2850000	51	1	0.178662	0.178662
K4_vs_K6	K4	K6	12:4600000	12	4600000	48	1	0.163089	0.163089
K4_vs_K6	K4	K6	12:17900000	12	17900000	91	1	0.16305	0.16305
K4_vs_K6	K4	K6	14:6500000	14	6500000	47	1	0.213453	0.213453
K4_vs_K6	K4	K6	14:6950000	14	6950000	39	1	0.161859	0.161859
K4_vs_K6	K4	K6	14:10800000	14	10800000	193	1	0.166659	0.166659
K4_vs_K6	K4	K6	14:12950000	14	12950000	21	1	0.175852	0.175852
K4_vs_K6	K4	K6	14:13350000	14	13350000	23	1	0.24509	0.24509
K4_vs_K6	K4	K6	14:13700000	14	13700000	76	1	0.203612	0.203612
K4_vs_K6	K4	K6	14:13950000	14	13950000	65	1	0.167756	0.167756
K4_vs_K6	K4	K6	16:22150000	16	22150000	65	1	0.166044	0.166044
K4_vs_K6	K4	K6	17:8250000	17	8250000	39	1	0.176935	0.176935
K4_vs_K6	K4	K6	17:8450000	17	8450000	61	1	0.15762	0.15762
K4_vs_K6	K4	K6	17:8800000	17	8800000	28	1	0.182701	0.182701
K4_vs_K6	K4	K6	17:11100000	17	11100000	50	1	0.157852	0.157852
K4_vs_K6	K4	K6	18:9750000	18	9750000	39	1	0.161515	0.161515
K4_vs_K6	K4	K6	18:13300000	18	13300000	53	1	0.158657	0.158657
K4_vs_K6	K4	K6	18:13450000	18	13450000	43	1	0.197678	0.197678
K4_vs_K6	K4	K6	18:13800000	18	13800000	90	1	0.172699	0.172699
K4_vs_K6	K4	K6	18:13950000	18	13950000	83	1	0.164955	0.164955
K4_vs_K6	K4	K6	18:17000000	18	17000000	108	1	0.15836	0.15836
K4_vs_K6	K4	K6	19:5500000	19	5500000	65	1	0.188623	0.188623
K4_vs_K7	K4	K7	1:8700000	1	8700000	67	1	0.256528	0.256528
K4_vs_K7	K4	K7	1:9850000	1	9850000	41	1	0.257241	0.257241
K4_vs_K7	K4	K7	1:10450000	1	10450000	49	1	0.294223	0.294223
K4_vs_K7	K4	K7	1:10700000	1	10700000	48	1	0.323103	0.323103
K4_vs_K7	K4	K7	1:10900000	1	10900000	26	1	0.313145	0.313145
K4_vs_K7	K4	K7	1:12700000	1	12700000	43	1	0.262455	0.262455
K4_vs_K7	K4	K7	1:13450000	1	13450000	56	1	0.288806	0.288806
K4_vs_K7	K4	K7	1:15850000	1	15850000	53	1	0.267369	0.267369
K4_vs_K7	K4	K7	2:5150000	2	5150000	40	1	0.261237	0.261237
K4_vs_K7	K4	K7	3:3300000	3	3300000	50	1	0.261733	0.261733
K4_vs_K7	K4	K7	3:4050000	3	4050000	53	1	0.271358	0.271358
K4_vs_K7	K4	K7	4:1200000	4	1200000	40	1	0.26196	0.26196
K4_vs_K7	K4	K7	4:17400000	4	17400000	37	1	0.321446	0.321446
K4_vs_K7	K4	K7	4:22950000	4	22950000	62	1	0.292755	0.292755
K4_vs_K7	K4	K7	4:23450000	4	23450000	46	1	0.275182	0.275182
K4_vs_K7	K4	K7	5:1200000	5	1200000	20	1	0.301377	0.301377
K4_vs_K7	K4	K7	5:2550000	5	2550000	74	1	0.269716	0.269716
K4_vs_K7	K4	K7	6:6500000	6	6500000	27	1	0.309064	0.309064
K4_vs_K7	K4	K7	6:15500000	6	15500000	52	1	0.346421	0.346421
K4_vs_K7	K4	K7	6:16300000	6	16300000	58	1	0.255004	0.255004
K4_vs_K7	K4	K7	6:18050000	6	18050000	35	1	0.255163	0.255163
K4_vs_K7	K4	K7	7:21500000	7	21500000	20	1	0.259486	0.259486
K4_vs_K7	K4	K7	7:25950000	7	25950000	28	1	0.25779	0.25779
K4_vs_K7	K4	K7	8:10000000	8	10000000	51	1	0.270937	0.270937
K4_vs_K7	K4	K7	8:10450000	8	10450000	50	1	0.271538	0.271538
K4_vs_K7	K4	K7	8:12250000	8	12250000	86	1	0.255673	0.255673
K4_vs_K7	K4	K7	8:12800000	8	12800000	45	1	0.26047	0.26047
K4_vs_K7	K4	K7	8:12950000	8	12950000	50	1	0.27303	0.27303
K4_vs_K7	K4	K7	8:13300000	8	13300000	54	1	0.255351	0.255351
K4_vs_K7	K4	K7	8:14300000	8	14300000	44	1	0.289314	0.289314
K4_vs_K7	K4	K7	8:21250000	8	21250000	27	1	0.260969	0.260969
K4_vs_K7	K4	K7	8:21450000	8	21450000	35	1	0.297438	0.297438
K4_vs_K7	K4	K7	10:11750000	10	11750000	57	1	0.27348	0.27348
K4_vs_K7	K4	K7	11:2950000	11	2950000	23	1	0.259586	0.259586
K4_vs_K7	K4	K7	11:3250000	11	3250000	48	1	0.333887	0.333887
K4_vs_K7	K4	K7	11:3800000	11	3800000	38	1	0.261705	0.261705
K4_vs_K7	K4	K7	13:25850000	13	25850000	36	1	0.30734	0.30734
K4_vs_K7	K4	K7	13:27550000	13	27550000	36	1	0.264593	0.264593
K4_vs_K7	K4	K7	14:550000	14	550000	41	1	0.273557	0.273557
K4_vs_K7	K4	K7	14:5700000	14	5700000	55	1	0.275754	0.275754
K4_vs_K7	K4	K7	14:6150000	14	6150000	38	1	0.297974	0.297974
K4_vs_K7	K4	K7	14:8300000	14	8300000	106	1	0.257316	0.257316
K4_vs_K7	K4	K7	14:13350000	14	13350000	22	1	0.259949	0.259949
K4_vs_K7	K4	K7	14:13900000	14	13900000	81	1	0.263031	0.263031
K4_vs_K7	K4	K7	14:17350000	14	17350000	60	1	0.287327	0.287327
K4_vs_K7	K4	K7	14:17650000	14	17650000	92	1	0.261128	0.261128
K4_vs_K7	K4	K7	16:5300000	16	5300000	79	1	0.31833	0.31833
K4_vs_K7	K4	K7	17:8800000	17	8800000	23	1	0.402433	0.402433
K4_vs_K7	K4	K7	17:8950000	17	8950000	46	1	0.287978	0.287978
K4_vs_K7	K4	K7	17:11650000	17	11650000	73	1	0.286155	0.286155
K4_vs_K7	K4	K7	18:22700000	18	22700000	77	1	0.274974	0.274974
K5_vs_K6	K5	K6	1:2200000	1	2200000	46	1	0.1766	0.1766
K5_vs_K6	K5	K6	1:12450000	1	12450000	68	1	0.186144	0.186144
K5_vs_K6	K5	K6	1:12700000	1	12700000	48	1	0.195489	0.195489
K5_vs_K6	K5	K6	1:12900000	1	12900000	61	1	0.271055	0.271055
K5_vs_K6	K5	K6	1:15650000	1	15650000	47	1	0.198446	0.198446
K5_vs_K6	K5	K6	1:18500000	1	18500000	38	1	0.1797	0.1797
K5_vs_K6	K5	K6	1:22250000	1	22250000	31	1	0.18262	0.18262
K5_vs_K6	K5	K6	2:4900000	2	4900000	21	1	0.183779	0.183779
K5_vs_K6	K5	K6	2:5500000	2	5500000	32	1	0.18071	0.18071
K5_vs_K6	K5	K6	3:950000	3	950000	57	1	0.229708	0.229708
K5_vs_K6	K5	K6	3:6500000	3	6500000	36	1	0.182695	0.182695
K5_vs_K6	K5	K6	4:850000	4	850000	39	1	0.224938	0.224938
K5_vs_K6	K5	K6	4:1950000	4	1950000	28	1	0.188659	0.188659
K5_vs_K6	K5	K6	4:2100000	4	2100000	24	1	0.240564	0.240564
K5_vs_K6	K5	K6	6:4650000	6	4650000	40	1	0.189894	0.189894
K5_vs_K6	K5	K6	6:7550000	6	7550000	51	1	0.186497	0.186497
K5_vs_K6	K5	K6	6:11750000	6	11750000	88	1	0.20489	0.20489
K5_vs_K6	K5	K6	6:18050000	6	18050000	36	1	0.196904	0.196904
K5_vs_K6	K5	K6	7:1600000	7	1600000	54	1	0.187934	0.187934
K5_vs_K6	K5	K6	7:18100000	7	18100000	53	1	0.209337	0.209337
K5_vs_K6	K5	K6	7:21850000	7	21850000	48	1	0.200684	0.200684
K5_vs_K6	K5	K6	7:23900000	7	23900000	22	1	0.193342	0.193342
K5_vs_K6	K5	K6	8:10600000	8	10600000	37	1	0.178438	0.178438
K5_vs_K6	K5	K6	8:10850000	8	10850000	47	1	0.188118	0.188118
K5_vs_K6	K5	K6	8:16800000	8	16800000	37	1	0.215562	0.215562
K5_vs_K6	K5	K6	8:20150000	8	20150000	24	1	0.188793	0.188793
K5_vs_K6	K5	K6	8:20700000	8	20700000	48	1	0.198535	0.198535
K5_vs_K6	K5	K6	9:2300000	9	2300000	56	1	0.248269	0.248269
K5_vs_K6	K5	K6	9:3050000	9	3050000	62	1	0.17797	0.17797
K5_vs_K6	K5	K6	11:500000	11	500000	33	1	0.178063	0.178063
K5_vs_K6	K5	K6	11:2500000	11	2500000	33	1	0.201599	0.201599
K5_vs_K6	K5	K6	11:2900000	11	2900000	37	1	0.195736	0.195736
K5_vs_K6	K5	K6	11:3250000	11	3250000	64	1	0.200299	0.200299
K5_vs_K6	K5	K6	11:3400000	11	3400000	46	1	0.198384	0.198384
K5_vs_K6	K5	K6	11:3750000	11	3750000	56	1	0.189948	0.189948
K5_vs_K6	K5	K6	11:4700000	11	4700000	62	1	0.188458	0.188458
K5_vs_K6	K5	K6	11:6600000	11	6600000	34	1	0.181693	0.181693
K5_vs_K6	K5	K6	11:8300000	11	8300000	26	1	0.178526	0.178526
K5_vs_K6	K5	K6	14:1400000	14	1400000	23	1	0.200705	0.200705
K5_vs_K6	K5	K6	14:2400000	14	2400000	59	1	0.180513	0.180513
K5_vs_K6	K5	K6	14:7450000	14	7450000	26	1	0.27184	0.27184
K5_vs_K6	K5	K6	14:17350000	14	17350000	63	1	0.183344	0.183344
K5_vs_K6	K5	K6	14:28800000	14	28800000	23	1	0.18707	0.18707
K5_vs_K6	K5	K6	14:30350000	14	30350000	38	1	0.196004	0.196004
K5_vs_K6	K5	K6	15:9400000	15	9400000	54	1	0.179959	0.179959
K5_vs_K6	K5	K6	15:18550000	15	18550000	40	1	0.180713	0.180713
K5_vs_K6	K5	K6	17:6500000	17	6500000	34	1	0.217594	0.217594
K5_vs_K6	K5	K6	17:6700000	17	6700000	21	1	0.221762	0.221762
K5_vs_K6	K5	K6	17:6900000	17	6900000	31	1	0.190275	0.190275
K5_vs_K6	K5	K6	17:7500000	17	7500000	39	1	0.204473	0.204473
K5_vs_K6	K5	K6	17:7950000	17	7950000	25	1	0.180656	0.180656
K5_vs_K6	K5	K6	17:8800000	17	8800000	34	1	0.218811	0.218811
K5_vs_K6	K5	K6	17:13000000	17	13000000	50	1	0.233271	0.233271
K5_vs_K6	K5	K6	18:5200000	18	5200000	39	1	0.177842	0.177842
K5_vs_K6	K5	K6	18:5350000	18	5350000	29	1	0.195776	0.195776
K5_vs_K6	K5	K6	18:8450000	18	8450000	34	1	0.176641	0.176641
K5_vs_K6	K5	K6	18:10000000	18	10000000	47	1	0.180966	0.180966
K5_vs_K7	K5	K7	1:1750000	1	1750000	49	1	0.22396	0.22396
K5_vs_K7	K5	K7	1:10900000	1	10900000	29	1	0.250103	0.250103
K5_vs_K7	K5	K7	1:11450000	1	11450000	20	1	0.25354	0.25354
K5_vs_K7	K5	K7	1:12450000	1	12450000	67	1	0.251755	0.251755
K5_vs_K7	K5	K7	1:12700000	1	12700000	46	1	0.266808	0.266808
K5_vs_K7	K5	K7	1:12900000	1	12900000	63	1	0.28714	0.28714
K5_vs_K7	K5	K7	2:4150000	2	4150000	32	1	0.253898	0.253898
K5_vs_K7	K5	K7	3:3550000	3	3550000	39	1	0.234198	0.234198
K5_vs_K7	K5	K7	4:1750000	4	1750000	42	1	0.235368	0.235368
K5_vs_K7	K5	K7	4:2200000	4	2200000	51	1	0.217607	0.217607
K5_vs_K7	K5	K7	4:2700000	4	2700000	45	1	0.225454	0.225454
K5_vs_K7	K5	K7	4:23600000	4	23600000	36	1	0.226228	0.226228
K5_vs_K7	K5	K7	5:20000000	5	20000000	79	1	0.223764	0.223764
K5_vs_K7	K5	K7	6:5000000	6	5000000	28	1	0.236556	0.236556
K5_vs_K7	K5	K7	6:16450000	6	16450000	67	1	0.218515	0.218515
K5_vs_K7	K5	K7	6:20000000	6	20000000	70	1	0.219572	0.219572
K5_vs_K7	K5	K7	7:2150000	7	2150000	44	1	0.223355	0.223355
K5_vs_K7	K5	K7	7:26200000	7	26200000	35	1	0.253609	0.253609
K5_vs_K7	K5	K7	7:26550000	7	26550000	62	1	0.222388	0.222388
K5_vs_K7	K5	K7	8:18150000	8	18150000	30	1	0.250392	0.250392
K5_vs_K7	K5	K7	8:18500000	8	18500000	22	1	0.235584	0.235584
K5_vs_K7	K5	K7	10:3050000	10	3050000	39	1	0.217977	0.217977
K5_vs_K7	K5	K7	11:2350000	11	2350000	28	1	0.218786	0.218786
K5_vs_K7	K5	K7	11:2900000	11	2900000	38	1	0.224723	0.224723
K5_vs_K7	K5	K7	11:4100000	11	4100000	40	1	0.221059	0.221059
K5_vs_K7	K5	K7	11:4250000	11	4250000	31	1	0.226962	0.226962
K5_vs_K7	K5	K7	11:4700000	11	4700000	62	1	0.225461	0.225461
K5_vs_K7	K5	K7	11:7950000	11	7950000	36	1	0.224551	0.224551
K5_vs_K7	K5	K7	12:9200000	12	9200000	47	1	0.244946	0.244946
K5_vs_K7	K5	K7	12:21350000	12	21350000	44	1	0.226026	0.226026
K5_vs_K7	K5	K7	13:27800000	13	27800000	22	1	0.237337	0.237337
K5_vs_K7	K5	K7	14:1200000	14	1200000	78	1	0.260702	0.260702
K5_vs_K7	K5	K7	14:1400000	14	1400000	23	1	0.218761	0.218761
K5_vs_K7	K5	K7	14:8300000	14	8300000	124	1	0.242872	0.242872
K5_vs_K7	K5	K7	14:17950000	14	17950000	97	1	0.247294	0.247294
K5_vs_K7	K5	K7	14:26950000	14	26950000	57	1	0.218453	0.218453
K5_vs_K7	K5	K7	17:8800000	17	8800000	34	1	0.304041	0.304041
K5_vs_K7	K5	K7	17:11150000	17	11150000	55	1	0.218492	0.218492
K5_vs_K7	K5	K7	17:13000000	17	13000000	52	1	0.284466	0.284466
K5_vs_K7	K5	K7	17:16250000	17	16250000	20	1	0.219934	0.219934
K5_vs_K7	K5	K7	17:17350000	17	17350000	46	1	0.252987	0.252987
K5_vs_K7	K5	K7	18:4900000	18	4900000	55	1	0.233518	0.233518
K5_vs_K7	K5	K7	18:5200000	18	5200000	33	1	0.275181	0.275181
K5_vs_K7	K5	K7	18:9850000	18	9850000	57	1	0.238108	0.238108
K5_vs_K7	K5	K7	18:10700000	18	10700000	40	1	0.217265	0.217265
K5_vs_K7	K5	K7	18:22700000	18	22700000	84	1	0.218589	0.218589
K5_vs_K7	K5	K7	19:550000	19	550000	25	1	0.228658	0.228658
K6_vs_K7	K6	K7	1:1000000	1	1000000	62	1	0.181977	0.181977
K6_vs_K7	K6	K7	1:2250000	1	2250000	40	1	0.202616	0.202616
K6_vs_K7	K6	K7	1:2750000	1	2750000	44	1	0.221554	0.221554
K6_vs_K7	K6	K7	1:5850000	1	5850000	51	1	0.207565	0.207565
K6_vs_K7	K6	K7	1:7350000	1	7350000	29	1	0.192555	0.192555
K6_vs_K7	K6	K7	1:7500000	1	7500000	39	1	0.22091	0.22091
K6_vs_K7	K6	K7	1:13450000	1	13450000	65	1	0.197208	0.197208
K6_vs_K7	K6	K7	1:14750000	1	14750000	54	1	0.200001	0.200001
K6_vs_K7	K6	K7	1:17150000	1	17150000	24	1	0.194365	0.194365
K6_vs_K7	K6	K7	1:18800000	1	18800000	55	1	0.215677	0.215677
K6_vs_K7	K6	K7	1:19100000	1	19100000	65	1	0.19149	0.19149
K6_vs_K7	K6	K7	1:19550000	1	19550000	65	1	0.195006	0.195006
K6_vs_K7	K6	K7	1:20200000	1	20200000	72	1	0.183019	0.183019
K6_vs_K7	K6	K7	2:2350000	2	2350000	40	1	0.195167	0.195167
K6_vs_K7	K6	K7	2:4300000	2	4300000	50	1	0.18909	0.18909
K6_vs_K7	K6	K7	2:4550000	2	4550000	28	1	0.209578	0.209578
K6_vs_K7	K6	K7	2:9050000	2	9050000	53	1	0.219588	0.219588
K6_vs_K7	K6	K7	2:16550000	2	16550000	57	1	0.182924	0.182924
K6_vs_K7	K6	K7	3:1800000	3	1800000	31	1	0.183082	0.183082
K6_vs_K7	K6	K7	4:150000	4	150000	34	1	0.1854	0.1854
K6_vs_K7	K6	K7	4:450000	4	450000	33	1	0.206244	0.206244
K6_vs_K7	K6	K7	4:1050000	4	1050000	48	1	0.184969	0.184969
K6_vs_K7	K6	K7	4:22800000	4	22800000	51	1	0.234624	0.234624
K6_vs_K7	K6	K7	4:22950000	4	22950000	76	1	0.213618	0.213618
K6_vs_K7	K6	K7	4:24500000	4	24500000	58	1	0.181168	0.181168
K6_vs_K7	K6	K7	5:22950000	5	22950000	62	1	0.209776	0.209776
K6_vs_K7	K6	K7	5:23600000	5	23600000	26	1	0.259226	0.259226
K6_vs_K7	K6	K7	5:24750000	5	24750000	85	1	0.186014	0.186014
K6_vs_K7	K6	K7	6:6500000	6	6500000	30	1	0.288985	0.288985
K6_vs_K7	K6	K7	6:11900000	6	11900000	50	1	0.186563	0.186563
K6_vs_K7	K6	K7	6:18050000	6	18050000	37	1	0.188285	0.188285
K6_vs_K7	K6	K7	7:1550000	7	1550000	51	1	0.188632	0.188632
K6_vs_K7	K6	K7	7:7200000	7	7200000	46	1	0.182361	0.182361
K6_vs_K7	K6	K7	8:8100000	8	8100000	40	1	0.199839	0.199839
K6_vs_K7	K6	K7	8:10150000	8	10150000	53	1	0.193345	0.193345
K6_vs_K7	K6	K7	8:10400000	8	10400000	52	1	0.185339	0.185339
K6_vs_K7	K6	K7	8:19150000	8	19150000	28	1	0.217125	0.217125
K6_vs_K7	K6	K7	8:19650000	8	19650000	30	1	0.182134	0.182134
K6_vs_K7	K6	K7	8:21500000	8	21500000	55	1	0.195253	0.195253
K6_vs_K7	K6	K7	8:22300000	8	22300000	21	1	0.191643	0.191643
K6_vs_K7	K6	K7	9:2300000	9	2300000	57	1	0.23309	0.23309
K6_vs_K7	K6	K7	9:3050000	9	3050000	64	1	0.190818	0.190818
K6_vs_K7	K6	K7	9:3300000	9	3300000	52	1	0.192837	0.192837
K6_vs_K7	K6	K7	10:1400000	10	1400000	21	1	0.192506	0.192506
K6_vs_K7	K6	K7	10:2500000	10	2500000	27	1	0.187007	0.187007
K6_vs_K7	K6	K7	11:5050000	11	5050000	85	1	0.181474	0.181474
K6_vs_K7	K6	K7	12:11100000	12	11100000	125	1	0.191203	0.191203
K6_vs_K7	K6	K7	12:12150000	12	12150000	60	1	0.210203	0.210203
K6_vs_K7	K6	K7	15:5200000	15	5200000	72	1	0.200004	0.200004
K6_vs_K7	K6	K7	16:1150000	16	1150000	57	1	0.191653	0.191653
K6_vs_K7	K6	K7	16:4250000	16	4250000	45	1	0.218846	0.218846
K6_vs_K7	K6	K7	16:18250000	16	18250000	55	1	0.189549	0.189549
K6_vs_K7	K6	K7	16:22400000	16	22400000	47	1	0.184291	0.184291
K6_vs_K7	K6	K7	17:6750000	17	6750000	27	1	0.191283	0.191283
K6_vs_K7	K6	K7	17:7300000	17	7300000	30	1	0.189538	0.189538
K6_vs_K7	K6	K7	17:8800000	17	8800000	30	1	0.193049	0.193049
K6_vs_K7	K6	K7	17:17350000	17	17350000	44	1	0.205747	0.205747
K6_vs_K7	K6	K7	18:6750000	18	6750000	56	1	0.185518	0.185518
K6_vs_K7	K6	K7	18:22700000	18	22700000	85	1	0.222582	0.222582
