window	n_pairs	pairs	chrom	start	max_fst	min_snps	kind
2:5250000	9	K1_vs_K2,K1_vs_K6,K2_vs_K5,K2_vs_K7,K3_vs_K5,K4_vs_K5,K5_vs_K6,K5_vs_K7,K6_vs_K7	2	5250000	0.331396	47	shared
1:11100000	8	K1_vs_K7,K2_vs_K4,K2_vs_K5,K3_vs_K4,K3_vs_K7,K4_vs_K7,K5_vs_K7,K6_vs_K7	1	11100000	0.443065	47	shared
2:5150000	8	K1_vs_K2,K1_vs_K5,K2_vs_K5,K2_vs_K7,K4_vs_K7,K5_vs_K6,K5_vs_K7,K6_vs_K7	2	5150000	0.331396	40	shared
6:6500000	7	K1_vs_K3,K1_vs_K4,K1_vs_K6,K3_vs_K5,K3_vs_K7,K4_vs_K7,K6_vs_K7	6	6500000	0.448613	20	shared
17:8800000	7	K1_vs_K6,K3_vs_K4,K4_vs_K6,K4_vs_K7,K5_vs_K6,K5_vs_K7,K6_vs_K7	17	8800000	0.402433	23	shared
8:10400000	7	K1_vs_K5,K2_vs_K5,K3_vs_K5,K4_vs_K5,K4_vs_K6,K5_vs_K6,K6_vs_K7	8	10400000	0.332262	47	shared
1:12700000	7	K2_vs_K6,K2_vs_K7,K3_vs_K5,K3_vs_K7,K4_vs_K7,K5_vs_K6,K5_vs_K7	1	12700000	0.293553	43	shared
1:11150000	6	K1_vs_K7,K2_vs_K5,K3_vs_K7,K4_vs_K7,K5_vs_K7,K6_vs_K7	1	11150000	0.443065	102	shared
2:4550000	6	K2_vs_K3,K2_vs_K5,K3_vs_K5,K4_vs_K5,K5_vs_K6,K6_vs_K7	2	4550000	0.350161	20	shared
3:5250000	6	K1_vs_K2,K1_vs_K3,K2_vs_K3,K2_vs_K4,K2_vs_K6,K4_vs_K6	3	5250000	0.340683	25	shared
11:3250000	6	K1_vs_K5,K1_vs_K7,K3_vs_K4,K4_vs_K5,K4_vs_K7,K5_vs_K6	11	3250000	0.338035	48	shared
8:10450000	6	K1_vs_K5,K2_vs_K5,K3_vs_K7,K4_vs_K5,K4_vs_K7,K5_vs_K6	8	10450000	0.332262	50	shared
9:1200000	6	K1_vs_K2,K1_vs_K3,K1_vs_K5,K1_vs_K6,K2_vs_K6,K4_vs_K6	9	1200000	0.332057	38	shared
2:5200000	6	K1_vs_K2,K2_vs_K5,K2_vs_K7,K5_vs_K6,K5_vs_K7,K6_vs_K7	2	5200000	0.331396	98	shared
18:22700000	6	K1_vs_K7,K2_vs_K7,K3_vs_K7,K4_vs_K7,K5_vs_K7,K6_vs_K7	18	22700000	0.323695	77	group-driven
1:13450000	6	K1_vs_K7,K3_vs_K5,K3_vs_K7,K4_vs_K5,K4_vs_K7,K6_vs_K7	1	13450000	0.322316	53	shared
1:10900000	6	K1_vs_K7,K2_vs_K4,K3_vs_K4,K4_vs_K6,K4_vs_K7,K5_vs_K7	1	10900000	0.321439	23	shared
11:5050000	6	K1_vs_K5,K2_vs_K7,K3_vs_K7,K4_vs_K5,K5_vs_K7,K6_vs_K7	11	5050000	0.320571	76	shared
11:4700000	6	K1_vs_K5,K2_vs_K5,K3_vs_K5,K4_vs_K5,K5_vs_K6,K5_vs_K7	11	4700000	0.312508	59	group-driven
1:12900000	6	K1_vs_K6,K2_vs_K6,K2_vs_K7,K4_vs_K6,K5_vs_K6,K5_vs_K7	1	12900000	0.28714	53	shared
17:7300000	6	K2_vs_K4,K2_vs_K5,K4_vs_K5,K4_vs_K6,K5_vs_K6,K6_vs_K7	17	7300000	0.2817	27	shared
6:18050000	6	K1_vs_K7,K3_vs_K5,K3_vs_K7,K4_vs_K7,K5_vs_K6,K6_vs_K7	6	18050000	0.278427	30	shared
7:25950000	5	K1_vs_K3,K1_vs_K4,K2_vs_K3,K2_vs_K4,K4_vs_K7	7	25950000	0.444737	28	shared
1:11200000	5	K1_vs_K7,K2_vs_K5,K2_vs_K7,K4_vs_K7,K5_vs_K7	1	11200000	0.443065	65	shared
1:11250000	5	K1_vs_K7,K3_vs_K4,K4_vs_K6,K4_vs_K7,K5_vs_K7	1	11250000	0.443065	48	shared
14:11200000	5	K1_vs_K3,K1_vs_K4,K1_vs_K6,K1_vs_K7,K3_vs_K4	14	11200000	0.426647	41	shared
14:11250000	5	K1_vs_K3,K1_vs_K4,K1_vs_K6,K1_vs_K7,K3_vs_K6	14	11250000	0.426647	79	shared
7:24300000	5	K1_vs_K2,K1_vs_K3,K1_vs_K4,K3_vs_K5,K4_vs_K5	7	24300000	0.415348	34	shared
16:12650000	5	K1_vs_K2,K1_vs_K3,K1_vs_K4,K1_vs_K6,K1_vs_K7	16	12650000	0.411153	133	group-driven
11:10500000	5	K3_vs_K4,K3_vs_K5,K3_vs_K6,K3_vs_K7,K6_vs_K7	11	10500000	0.393767	35	shared
3:6250000	5	K1_vs_K3,K2_vs_K3,K2_vs_K6,K2_vs_K7,K3_vs_K4	3	6250000	0.385352	37	shared
14:8800000	5	K1_vs_K4,K1_vs_K7,K3_vs_K4,K3_vs_K6,K3_vs_K7	14	8800000	0.384688	24	shared
14:11550000	5	K1_vs_K3,K1_vs_K4,K1_vs_K6,K1_vs_K7,K3_vs_K6	14	11550000	0.376595	28	shared
13:27750000	5	K2_vs_K6,K2_vs_K7,K3_vs_K7,K4_vs_K7,K6_vs_K7	13	27750000	0.371547	45	shared
9:450000	5	K1_vs_K2,K1_vs_K3,K1_vs_K4,K1_vs_K5,K1_vs_K6	9	450000	0.370296	40	group-driven
16:7900000	5	K1_vs_K2,K1_vs_K3,K1_vs_K4,K2_vs_K3,K3_vs_K6	16	7900000	0.370151	49	shared
6:21150000	5	K1_vs_K3,K1_vs_K5,K1_vs_K6,K1_vs_K7,K2_vs_K6	6	21150000	0.361603	37	shared
13:6950000	5	K1_vs_K3,K1_vs_K4,K1_vs_K5,K1_vs_K6,K1_vs_K7	13	6950000	0.361139	70	group-driven
6:20450000	5	K1_vs_K7,K2_vs_K7,K3_vs_K7,K4_vs_K7,K5_vs_K7	6	20450000	0.360444	54	group-driven
12:17900000	5	K1_vs_K3,K2_vs_K3,K3_vs_K4,K3_vs_K7,K4_vs_K6	12	17900000	0.347254	82	shared
6:20700000	5	K2_vs_K4,K2_vs_K6,K3_vs_K5,K3_vs_K7,K4_vs_K7	6	20700000	0.332095	21	shared
17:9650000	5	K1_vs_K2,K1_vs_K3,K1_vs_K6,K1_vs_K7,K2_vs_K5	17	9650000	0.331954	33	shared
17:13000000	5	K2_vs_K5,K3_vs_K5,K4_vs_K5,K5_vs_K6,K5_vs_K7	17	13000000	0.331401	50	group-driven
6:12500000	5	K1_vs_K2,K2_vs_K3,K2_vs_K5,K2_vs_K6,K2_vs_K7	6	12500000	0.32232	39	group-driven
11:3800000	5	K1_vs_K2,K1_vs_K4,K1_vs_K5,K1_vs_K7,K4_vs_K7	11	3800000	0.316415	34	shared
9:3050000	5	K1_vs_K4,K1_vs_K5,K1_vs_K6,K5_vs_K6,K6_vs_K7	9	3050000	0.312898	43	shared
14:10550000	5	K1_vs_K4,K1_vs_K6,K1_vs_K7,K3_vs_K4,K3_vs_K6	14	10550000	0.308879	36	shared
16:22100000	5	K2_vs_K4,K2_vs_K6,K2_vs_K7,K3_vs_K4,K4_vs_K7	16	22100000	0.302671	39	shared
8:17700000	5	K1_vs_K5,K2_vs_K5,K3_vs_K5,K4_vs_K5,K5_vs_K7	8	17700000	0.3003	20	group-driven
17:6700000	5	K2_vs_K5,K2_vs_K7,K3_vs_K5,K4_vs_K5,K5_vs_K6	17	6700000	0.297885	20	shared
4:150000	5	K2_vs_K3,K2_vs_K6,K2_vs_K7,K3_vs_K6,K6_vs_K7	4	150000	0.290209	32	shared
8:10600000	5	K2_vs_K5,K2_vs_K6,K3_vs_K5,K3_vs_K7,K5_vs_K6	8	10600000	0.286683	30	shared
17:6500000	5	K2_vs_K5,K2_vs_K7,K3_vs_K5,K4_vs_K5,K5_vs_K6	17	6500000	0.284791	33	shared
17:7500000	5	K2_vs_K7,K4_vs_K5,K4_vs_K6,K5_vs_K6,K6_vs_K7	17	7500000	0.2817	39	shared
3:950000	5	K2_vs_K5,K3_vs_K5,K4_vs_K5,K4_vs_K6,K5_vs_K6	3	950000	0.270785	50	shared
14:12200000	4	K1_vs_K3,K1_vs_K4,K1_vs_K6,K1_vs_K7	14	12200000	0.418704	23	group-driven
13:6100000	4	K1_vs_K2,K1_vs_K7,K3_vs_K7,K6_vs_K7	13	6100000	0.413369	28	shared
16:12600000	4	K1_vs_K2,K1_vs_K3,K1_vs_K4,K1_vs_K6	16	12600000	0.411153	135	group-driven
8:10800000	4	K2_vs_K5,K3_vs_K4,K4_vs_K5,K4_vs_K6	8	10800000	0.40349	27	shared
13:6050000	4	K1_vs_K3,K1_vs_K6,K1_vs_K7,K6_vs_K7	13	6050000	0.400966	24	shared
14:8700000	4	K1_vs_K3,K1_vs_K4,K1_vs_K6,K2_vs_K3	14	8700000	0.394909	36	shared
14:5450000	4	K1_vs_K2,K1_vs_K3,K1_vs_K4,K4_vs_K7	14	5450000	0.394505	44	shared
11:10550000	4	K2_vs_K3,K3_vs_K5,K3_vs_K7,K6_vs_K7	11	10550000	0.393767	74	shared
14:6950000	4	K1_vs_K2,K1_vs_K3,K1_vs_K6,K4_vs_K6	14	6950000	0.385667	30	shared
8:10150000	4	K1_vs_K3,K1_vs_K5,K3_vs_K7,K6_vs_K7	8	10150000	0.384116	36	shared
8:10850000	4	K1_vs_K3,K2_vs_K5,K3_vs_K5,K5_vs_K6	8	10850000	0.379281	42	shared
19:5600000	4	K1_vs_K3,K1_vs_K4,K1_vs_K7,K3_vs_K4	19	5600000	0.372535	39	shared
13:27700000	4	K2_vs_K7,K3_vs_K7,K4_vs_K7,K6_vs_K7	13	27700000	0.371547	57	group-driven
8:11450000	4	K2_vs_K3,K2_vs_K5,K3_vs_K4,K3_vs_K7	8	11450000	0.360453	26	shared
3:8400000	4	K2_vs_K3,K3_vs_K4,K3_vs_K6,K3_vs_K7	3	8400000	0.356231	46	group-driven
6:20500000	4	K1_vs_K7,K2_vs_K7,K4_vs_K7,K5_vs_K7	6	20500000	0.351901	138	group-driven
1:3250000	4	K1_vs_K3,K1_vs_K6,K3_vs_K7,K6_vs_K7	1	3250000	0.351547	25	shared
5:4300000	4	K1_vs_K3,K1_vs_K6,K3_vs_K5,K3_vs_K7	5	4300000	0.349194	48	shared
7:18500000	4	K1_vs_K2,K1_vs_K6,K2_vs_K6,K2_vs_K7	7	18500000	0.342169	27	shared
8:16800000	4	K1_vs_K5,K3_vs_K5,K4_vs_K5,K5_vs_K6	8	16800000	0.334298	32	group-driven
7:2300000	4	K1_vs_K5,K2_vs_K5,K3_vs_K7,K5_vs_K7	7	2300000	0.333441	22	shared
14:13950000	4	K1_vs_K3,K1_vs_K6,K3_vs_K4,K4_vs_K6	14	13950000	0.332023	54	shared
9:17850000	4	K1_vs_K3,K3_vs_K4,K3_vs_K6,K3_vs_K7	9	17850000	0.325908	46	group-driven
4:1050000	4	K1_vs_K7,K5_vs_K6,K5_vs_K7,K6_vs_K7	4	1050000	0.325497	43	shared
16:12700000	4	K1_vs_K2,K1_vs_K4,K1_vs_K6,K1_vs_K7	16	12700000	0.322819	133	group-driven
13:27800000	4	K2_vs_K7,K3_vs_K7,K5_vs_K7,K6_vs_K7	13	27800000	0.31259	22	group-driven
9:17800000	4	K2_vs_K4,K2_vs_K6,K3_vs_K4,K3_vs_K6	9	17800000	0.311258	45	shared
8:12250000	4	K2_vs_K4,K2_vs_K7,K3_vs_K4,K4_vs_K7	8	12250000	0.307173	86	shared
13:7650000	4	K1_vs_K2,K1_vs_K4,K1_vs_K5,K1_vs_K7	13	7650000	0.304222	55	group-driven
8:17650000	4	K1_vs_K5,K2_vs_K5,K4_vs_K5,K5_vs_K7	8	17650000	0.3003	61	group-driven
11:2900000	4	K3_vs_K4,K4_vs_K5,K5_vs_K6,K5_vs_K7	11	2900000	0.298029	25	shared
6:21400000	4	K1_vs_K2,K1_vs_K7,K2_vs_K4,K2_vs_K6	6	21400000	0.297928	29	shared
8:21450000	4	K2_vs_K3,K2_vs_K4,K2_vs_K7,K4_vs_K7	8	21450000	0.297438	35	shared
17:8950000	4	K2_vs_K4,K3_vs_K4,K4_vs_K5,K4_vs_K7	17	8950000	0.296848	46	group-driven
9:3250000	4	K1_vs_K2,K1_vs_K4,K1_vs_K5,K2_vs_K6	9	3250000	0.295879	20	shared
2:4150000	4	K1_vs_K5,K3_vs_K5,K4_vs_K5,K5_vs_K7	2	4150000	0.293328	30	group-driven
2:4900000	4	K1_vs_K2,K1_vs_K6,K2_vs_K5,K5_vs_K6	2	4900000	0.293222	21	shared
4:22950000	4	K1_vs_K4,K3_vs_K6,K4_vs_K7,K6_vs_K7	4	22950000	0.292755	60	shared
14:17350000	4	K2_vs_K7,K4_vs_K7,K5_vs_K6,K5_vs_K7	14	17350000	0.291708	60	shared
4:850000	4	K2_vs_K3,K2_vs_K7,K3_vs_K5,K5_vs_K6	4	850000	0.290014	35	shared
3:9600000	4	K2_vs_K3,K2_vs_K4,K3_vs_K6,K4_vs_K6	3	9600000	0.28947	71	shared
8:14300000	4	K2_vs_K4,K2_vs_K6,K4_vs_K6,K4_vs_K7	8	14300000	0.289314	44	shared
7:21500000	4	K2_vs_K3,K3_vs_K5,K3_vs_K7,K4_vs_K7	7	21500000	0.288581	20	shared
1:17150000	4	K1_vs_K2,K1_vs_K5,K1_vs_K7,K6_vs_K7	1	17150000	0.288579	20	shared
6:5000000	4	K1_vs_K5,K4_vs_K5,K5_vs_K6,K5_vs_K7	6	5000000	0.282497	25	group-driven
17:7600000	4	K2_vs_K5,K4_vs_K5,K4_vs_K6,K6_vs_K7	17	7600000	0.2817	43	shared
9:14150000	4	K1_vs_K2,K2_vs_K3,K2_vs_K6,K2_vs_K7	9	14150000	0.2815	109	group-driven
2:1950000	4	K2_vs_K3,K2_vs_K5,K3_vs_K5,K3_vs_K6	2	1950000	0.279589	32	shared
11:2500000	4	K2_vs_K4,K2_vs_K5,K3_vs_K5,K5_vs_K6	11	2500000	0.279409	23	shared
3:5100000	4	K1_vs_K2,K2_vs_K4,K2_vs_K6,K4_vs_K6	3	5100000	0.274265	34	shared
7:22400000	4	K1_vs_K6,K2_vs_K3,K2_vs_K4,K2_vs_K6	7	22400000	0.258755	38	shared
3:6050000	4	K1_vs_K6,K1_vs_K7,K2_vs_K6,K2_vs_K7	3	6050000	0.256523	41	shared
17:8250000	4	K1_vs_K5,K2_vs_K4,K4_vs_K5,K4_vs_K6	17	8250000	0.254393	39	shared
13:1300000	4	K1_vs_K2,K2_vs_K3,K2_vs_K4,K2_vs_K6	13	1300000	0.250123	33	group-driven
2:5500000	4	K1_vs_K2,K1_vs_K6,K2_vs_K5,K5_vs_K6	2	5500000	0.249461	32	shared
17:11100000	4	K1_vs_K2,K1_vs_K6,K4_vs_K5,K4_vs_K6	17	11100000	0.249244	46	shared
9:5050000	3	K1_vs_K4,K1_vs_K7,K4_vs_K5	9	5050000	0.43199	39	shared
7:24250000	3	K1_vs_K2,K1_vs_K3,K1_vs_K4	7	24250000	0.415348	67	group-driven
7:24350000	3	K1_vs_K2,K1_vs_K4,K1_vs_K6	7	24350000	0.415348	27	group-driven
4:13900000	3	K1_vs_K3,K1_vs_K4,K1_vs_K6	4	13900000	0.415077	65	group-driven
8:12600000	3	K2_vs_K4,K3_vs_K4,K4_vs_K7	8	12600000	0.401638	40	group-driven
1:20800000	3	K1_vs_K3,K3_vs_K5,K3_vs_K6	1	20800000	0.393711	37	group-driven
3:1850000	3	K1_vs_K5,K3_vs_K4,K4_vs_K6	3	1850000	0.387685	26	shared
14:12550000	3	K1_vs_K6,K3_vs_K4,K3_vs_K6	14	12550000	0.364131	23	shared
11:10850000	3	K1_vs_K3,K3_vs_K5,K3_vs_K7	11	10850000	0.363584	22	group-driven
6:21100000	3	K1_vs_K2,K1_vs_K3,K1_vs_K5	6	21100000	0.361603	129	group-driven
18:7250000	3	K1_vs_K3,K1_vs_K4,K2_vs_K3	18	7250000	0.358885	78	shared
3:2600000	3	K1_vs_K2,K1_vs_K4,K4_vs_K6	3	2600000	0.349558	31	shared
18:2100000	3	K1_vs_K3,K2_vs_K3,K3_vs_K4	18	2100000	0.349196	33	group-driven
6:3500000	3	K1_vs_K3,K3_vs_K4,K3_vs_K7	6	3500000	0.34783	50	group-driven
11:7400000	3	K1_vs_K3,K3_vs_K5,K3_vs_K7	11	7400000	0.343987	24	group-driven
18:6750000	3	K1_vs_K3,K3_vs_K7,K6_vs_K7	18	6750000	0.342505	42	shared
9:19800000	3	K1_vs_K2,K2_vs_K5,K2_vs_K7	9	19800000	0.33847	73	group-driven
1:11550000	3	K3_vs_K4,K3_vs_K7,K4_vs_K7	1	11550000	0.336887	83	group-driven
1:23600000	3	K2_vs_K4,K3_vs_K4,K4_vs_K6	1	23600000	0.334778	41	group-driven
2:6850000	3	K2_vs_K3,K3_vs_K4,K3_vs_K6	2	6850000	0.33371	66	group-driven
1:3300000	3	K1_vs_K6,K3_vs_K7,K6_vs_K7	1	3300000	0.331441	65	shared
5:23600000	3	K2_vs_K7,K3_vs_K7,K6_vs_K7	5	23600000	0.329884	20	group-driven
11:3400000	3	K3_vs_K4,K3_vs_K5,K5_vs_K6	11	3400000	0.324616	28	shared
18:7850000	3	K1_vs_K5,K3_vs_K4,K3_vs_K5	18	7850000	0.322611	38	shared
14:17950000	3	K3_vs_K7,K4_vs_K7,K5_vs_K7	14	17950000	0.322189	84	group-driven
9:1450000	3	K1_vs_K5,K2_vs_K5,K4_vs_K5	9	1450000	0.322142	39	group-driven
11:4950000	3	K1_vs_K5,K3_vs_K7,K5_vs_K7	11	4950000	0.320571	161	shared
11:5000000	3	K1_vs_K5,K3_vs_K7,K5_vs_K7	11	5000000	0.320571	161	shared
19:5750000	3	K1_vs_K2,K2_vs_K3,K3_vs_K6	19	5750000	0.320409	34	shared
16:5300000	3	K1_vs_K7,K2_vs_K7,K4_vs_K7	16	5300000	0.31833	79	group-driven
14:5500000	3	K1_vs_K4,K2_vs_K7,K4_vs_K7	14	5500000	0.317425	44	shared
1:9850000	3	K3_vs_K7,K4_vs_K6,K4_vs_K7	1	9850000	0.315367	41	shared
4:21500000	3	K1_vs_K4,K1_vs_K5,K1_vs_K6	4	21500000	0.314427	64	group-driven
4:21550000	3	K1_vs_K4,K1_vs_K5,K1_vs_K6	4	21550000	0.314427	64	group-driven
14:3100000	3	K1_vs_K2,K1_vs_K4,K1_vs_K5	14	3100000	0.314302	55	group-driven
14:1100000	3	K2_vs_K3,K3_vs_K4,K5_vs_K6	14	1100000	0.312105	34	shared
18:12450000	3	K3_vs_K4,K3_vs_K5,K3_vs_K7	18	12450000	0.31195	26	group-driven
7:6900000	3	K2_vs_K3,K3_vs_K6,K3_vs_K7	7	6900000	0.311369	53	group-driven
11:10750000	3	K1_vs_K5,K1_vs_K7,K3_vs_K5	11	10750000	0.309988	64	shared
3:4100000	3	K1_vs_K4,K1_vs_K6,K1_vs_K7	3	4100000	0.30935	75	group-driven
6:13500000	3	K1_vs_K2,K2_vs_K3,K2_vs_K4	6	13500000	0.309321	45	group-driven
1:22550000	3	K1_vs_K5,K3_vs_K5,K4_vs_K5	1	22550000	0.307011	104	group-driven
1:23350000	3	K1_vs_K5,K3_vs_K4,K4_vs_K5	1	23350000	0.304038	20	shared
4:5550000	3	K1_vs_K4,K1_vs_K5,K1_vs_K6	4	5550000	0.303308	41	group-driven
18:5200000	3	K3_vs_K5,K5_vs_K6,K5_vs_K7	18	5200000	0.302806	33	group-driven
14:28000000	3	K1_vs_K5,K3_vs_K5,K5_vs_K7	14	28000000	0.299852	25	group-driven
2:5050000	3	K1_vs_K2,K2_vs_K5,K5_vs_K6	2	5050000	0.299644	257	shared
2:5100000	3	K1_vs_K2,K2_vs_K5,K5_vs_K6	2	5100000	0.299644	257	shared
9:600000	3	K1_vs_K2,K1_vs_K5,K4_vs_K5	9	600000	0.29894	41	shared
14:7450000	3	K3_vs_K5,K4_vs_K6,K5_vs_K6	14	7450000	0.293784	26	shared
1:12450000	3	K4_vs_K7,K5_vs_K6,K5_vs_K7	1	12450000	0.293173	67	shared
14:19000000	3	K1_vs_K7,K2_vs_K3,K2_vs_K4	14	19000000	0.288988	25	shared
8:20000000	3	K1_vs_K2,K2_vs_K4,K2_vs_K5	8	20000000	0.288452	28	group-driven
1:12750000	3	K2_vs_K6,K2_vs_K7,K3_vs_K7	1	12750000	0.288243	139	shared
11:12750000	3	K2_vs_K3,K3_vs_K5,K3_vs_K7	11	12750000	0.288177	83	group-driven
16:22150000	3	K2_vs_K7,K4_vs_K6,K4_vs_K7	16	22150000	0.28804	65	shared
9:3300000	3	K1_vs_K2,K2_vs_K6,K6_vs_K7	9	3300000	0.281758	52	shared
17:7550000	3	K4_vs_K5,K4_vs_K6,K6_vs_K7	17	7550000	0.2817	89	shared
9:14100000	3	K1_vs_K2,K2_vs_K3,K2_vs_K6	9	14100000	0.2815	109	group-driven
15:22050000	3	K1_vs_K5,K2_vs_K4,K4_vs_K5	15	22050000	0.280097	29	shared
9:4300000	3	K1_vs_K2,K1_vs_K7,K4_vs_K6	9	4300000	0.279596	58	shared
10:11750000	3	K2_vs_K4,K4_vs_K6,K4_vs_K7	10	11750000	0.27348	57	group-driven
18:10600000	3	K1_vs_K5,K1_vs_K6,K2_vs_K5	18	10600000	0.271038	34	shared
14:6850000	3	K1_vs_K2,K1_vs_K5,K1_vs_K6	14	6850000	0.270287	22	group-driven
11:11350000	3	K1_vs_K5,K1_vs_K7,K3_vs_K5	11	11350000	0.270084	60	shared
2:4450000	3	K1_vs_K5,K2_vs_K5,K5_vs_K6	2	4450000	0.267118	27	group-driven
3:6000000	3	K2_vs_K3,K2_vs_K6,K2_vs_K7	3	6000000	0.265186	43	group-driven
3:5800000	3	K2_vs_K3,K2_vs_K6,K2_vs_K7	3	5800000	0.264965	50	group-driven
2:5700000	3	K1_vs_K2,K1_vs_K6,K2_vs_K7	2	5700000	0.264815	65	shared
14:1200000	3	K2_vs_K5,K5_vs_K6,K5_vs_K7	14	1200000	0.260702	78	group-driven
11:12650000	3	K1_vs_K5,K1_vs_K7,K3_vs_K5	11	12650000	0.260379	93	shared
14:13350000	3	K2_vs_K4,K4_vs_K6,K4_vs_K7	14	13350000	0.259949	22	group-driven
9:2300000	3	K1_vs_K6,K5_vs_K6,K6_vs_K7	9	2300000	0.25451	56	group-driven
8:9200000	3	K1_vs_K2,K2_vs_K5,K2_vs_K6	8	9200000	0.253512	31	group-driven
13:7050000	3	K1_vs_K2,K1_vs_K5,K1_vs_K7	13	7050000	0.253483	103	group-driven
14:1550000	3	K1_vs_K2,K1_vs_K7,K2_vs_K3	14	1550000	0.253069	22	shared
17:17350000	3	K3_vs_K6,K5_vs_K7,K6_vs_K7	17	17350000	0.252987	40	shared
18:8450000	3	K2_vs_K3,K2_vs_K6,K5_vs_K6	18	8450000	0.249427	29	shared
7:8700000	3	K1_vs_K2,K2_vs_K6,K2_vs_K7	7	8700000	0.24792	88	group-driven
10:17550000	3	K1_vs_K2,K2_vs_K3,K2_vs_K7	10	17550000	0.24763	26	group-driven
7:21850000	3	K1_vs_K6,K2_vs_K6,K5_vs_K6	7	21850000	0.244241	48	group-driven
2:4600000	3	K2_vs_K5,K3_vs_K6,K5_vs_K6	2	4600000	0.24326	24	shared
4:2100000	3	K2_vs_K4,K2_vs_K6,K5_vs_K6	4	2100000	0.240564	24	shared
1:20200000	3	K1_vs_K7,K3_vs_K6,K6_vs_K7	1	20200000	0.237232	52	shared
7:22050000	3	K1_vs_K6,K2_vs_K4,K2_vs_K6	7	22050000	0.23291	31	shared
10:5700000	3	K2_vs_K4,K2_vs_K5,K2_vs_K7	10	5700000	0.228495	54	group-driven
1:18800000	3	K2_vs_K6,K4_vs_K6,K6_vs_K7	1	18800000	0.215677	55	group-driven
7:7550000	3	K2_vs_K6,K2_vs_K7,K3_vs_K6	7	7550000	0.214984	26	shared
9:18600000	3	K2_vs_K5,K2_vs_K6,K2_vs_K7	9	18600000	0.210469	72	group-driven
19:3900000	2	K1_vs_K2,K1_vs_K3	19	3900000	0.430268	46	group-driven
4:13850000	2	K1_vs_K3,K1_vs_K6	4	13850000	0.415077	92	group-driven
7:24150000	2	K1_vs_K3,K3_vs_K5	7	24150000	0.410646	40	group-driven
13:5900000	2	K1_vs_K3,K1_vs_K7	13	5900000	0.40916	47	group-driven
8:12650000	2	K3_vs_K4,K4_vs_K7	8	12650000	0.401638	60	group-driven
1:5100000	2	K1_vs_K3,K3_vs_K6	1	5100000	0.396451	31	group-driven
18:3800000	2	K1_vs_K3,K3_vs_K7	18	3800000	0.391863	21	group-driven
16:12400000	2	K1_vs_K3,K1_vs_K7	16	12400000	0.389089	96	group-driven
16:12450000	2	K1_vs_K3,K1_vs_K4	16	12450000	0.389089	46	group-driven
3:1900000	2	K1_vs_K4,K3_vs_K4	3	1900000	0.387685	30	group-driven
5:6400000	2	K1_vs_K3,K3_vs_K5	5	6400000	0.383072	23	group-driven
19:2550000	2	K3_vs_K4,K3_vs_K6	19	2550000	0.382704	36	group-driven
19:2600000	2	K3_vs_K4,K3_vs_K7	19	2600000	0.382704	33	group-driven
1:4100000	2	K1_vs_K3,K3_vs_K6	1	4100000	0.377008	45	group-driven
14:6400000	2	K1_vs_K4,K4_vs_K7	14	6400000	0.37686	90	group-driven
14:6450000	2	K1_vs_K4,K4_vs_K7	14	6450000	0.37686	90	group-driven
12:20200000	2	K1_vs_K3,K3_vs_K7	12	20200000	0.372742	28	group-driven
19:5500000	2	K3_vs_K4,K4_vs_K6	19	5500000	0.372535	65	group-driven
6:18400000	2	K1_vs_K3,K2_vs_K3	6	18400000	0.367582	25	group-driven
8:5250000	2	K1_vs_K2,K1_vs_K3	8	5250000	0.364097	71	group-driven
14:19450000	2	K1_vs_K3,K1_vs_K4	14	19450000	0.363898	114	group-driven
16:8800000	2	K1_vs_K2,K1_vs_K3	16	8800000	0.362736	76	group-driven
16:18500000	2	K1_vs_K3,K3_vs_K7	16	18500000	0.353015	42	group-driven
13:25850000	2	K1_vs_K4,K4_vs_K7	13	25850000	0.352952	33	group-driven
1:12400000	2	K3_vs_K7,K4_vs_K7	1	12400000	0.350829	73	group-driven
18:2000000	2	K1_vs_K3,K2_vs_K3	18	2000000	0.349196	63	group-driven
18:2050000	2	K1_vs_K3,K2_vs_K3	18	2050000	0.349196	63	group-driven
6:3450000	2	K3_vs_K4,K3_vs_K7	6	3450000	0.34783	98	group-driven
9:650000	2	K1_vs_K4,K1_vs_K5	9	650000	0.347033	92	group-driven
6:8850000	2	K1_vs_K3,K1_vs_K6	6	8850000	0.346889	87	group-driven
6:15500000	2	K1_vs_K7,K4_vs_K7	6	15500000	0.346421	52	group-driven
17:16300000	2	K1_vs_K3,K3_vs_K5	17	16300000	0.346313	45	group-driven
3:6750000	2	K1_vs_K3,K2_vs_K3	3	6750000	0.34588	22	group-driven
6:8200000	2	K1_vs_K3,K2_vs_K5	6	8200000	0.343905	29	shared
18:1600000	2	K1_vs_K3,K3_vs_K7	18	1600000	0.342956	62	group-driven
11:9950000	2	K3_vs_K5,K3_vs_K7	11	9950000	0.341689	27	group-driven
3:12600000	2	K2_vs_K4,K3_vs_K4	3	12600000	0.340004	55	group-driven
1:4550000	2	K1_vs_K3,K1_vs_K5	1	4550000	0.3396	27	group-driven
14:19850000	2	K1_vs_K3,K1_vs_K4	14	19850000	0.339197	40	group-driven
1:11500000	2	K1_vs_K7,K4_vs_K7	1	11500000	0.336887	64	group-driven
7:19950000	2	K1_vs_K2,K1_vs_K4	7	19950000	0.336593	63	group-driven
15:18550000	2	K1_vs_K3,K5_vs_K6	15	18550000	0.335453	28	shared
7:25200000	2	K1_vs_K4,K2_vs_K4	7	25200000	0.335143	27	group-driven
18:6950000	2	K1_vs_K3,K3_vs_K4	18	6950000	0.334349	46	group-driven
16:2350000	2	K1_vs_K3,K3_vs_K6	16	2350000	0.33432	63	group-driven
19:24100000	2	K3_vs_K4,K3_vs_K6	19	24100000	0.333764	38	group-driven
3:450000	2	K1_vs_K4,K4_vs_K7	3	450000	0.333067	28	group-driven
2:1250000	2	K2_vs_K4,K3_vs_K4	2	1250000	0.332028	31	group-driven
14:13000000	2	K1_vs_K3,K1_vs_K4	14	13000000	0.330842	55	group-driven
4:6400000	2	K2_vs_K3,K3_vs_K5	4	6400000	0.330647	31	group-driven
18:13450000	2	K3_vs_K4,K4_vs_K6	18	13450000	0.330239	39	group-driven
17:11650000	2	K1_vs_K4,K4_vs_K7	17	11650000	0.329185	65	group-driven
4:1100000	2	K5_vs_K6,K5_vs_K7	4	1100000	0.325497	146	group-driven
4:1150000	2	K5_vs_K6,K5_vs_K7	4	1150000	0.325497	146	group-driven
18:22600000	2	K2_vs_K7,K3_vs_K7	18	22600000	0.323695	183	group-driven
18:22650000	2	K2_vs_K7,K3_vs_K7	18	22650000	0.323695	183	group-driven
1:23200000	2	K3_vs_K4,K4_vs_K5	1	23200000	0.323005	45	group-driven
4:17400000	2	K2_vs_K7,K4_vs_K7	4	17400000	0.321446	37	group-driven
18:3750000	2	K2_vs_K7,K3_vs_K7	18	3750000	0.32084	30	group-driven
18:3850000	2	K2_vs_K3,K3_vs_K7	18	3850000	0.32084	36	group-driven
11:5100000	2	K3_vs_K7,K5_vs_K7	11	5100000	0.320571	293	group-driven
1:11900000	2	K3_vs_K4,K4_vs_K5	1	11900000	0.319105	87	group-driven
19:22900000	2	K3_vs_K4,K3_vs_K6	19	22900000	0.316518	63	group-driven
7:21800000	2	K1_vs_K4,K1_vs_K6	7	21800000	0.315705	49	group-driven
6:12150000	2	K1_vs_K4,K4_vs_K5	6	12150000	0.315377	20	group-driven
3:13050000	2	K2_vs_K4,K3_vs_K4	3	13050000	0.311538	43	group-driven
7:20750000	2	K1_vs_K4,K1_vs_K6	7	20750000	0.311456	20	group-driven
9:17750000	2	K3_vs_K4,K3_vs_K6	9	17750000	0.311258	73	group-driven
3:4050000	2	K1_vs_K4,K4_vs_K7	3	4050000	0.30935	53	group-driven
3:4150000	2	K1_vs_K4,K1_vs_K7	3	4150000	0.30935	95	group-driven
10:5950000	2	K2_vs_K7,K3_vs_K7	10	5950000	0.30841	41	group-driven
7:25500000	2	K1_vs_K4,K2_vs_K4	7	25500000	0.308262	34	group-driven
16:11300000	2	K1_vs_K2,K1_vs_K4	16	11300000	0.308055	55	group-driven
8:12300000	2	K2_vs_K7,K3_vs_K4	8	12300000	0.307173	134	shared
1:22450000	2	K3_vs_K5,K4_vs_K5	1	22450000	0.307011	126	group-driven
1:22500000	2	K3_vs_K5,K4_vs_K5	1	22500000	0.307011	126	group-driven
1:22600000	2	K1_vs_K5,K4_vs_K5	1	22600000	0.307011	104	group-driven
1:22650000	2	K1_vs_K5,K4_vs_K5	1	22650000	0.307011	104	group-driven
11:7950000	2	K3_vs_K5,K5_vs_K7	11	7950000	0.305975	36	group-driven
18:3550000	2	K3_vs_K4,K3_vs_K7	18	3550000	0.304429	33	group-driven
3:6850000	2	K2_vs_K3,K2_vs_K6	3	6850000	0.304369	59	group-driven
13:7550000	2	K1_vs_K4,K1_vs_K7	13	7550000	0.304222	95	group-driven
13:7600000	2	K1_vs_K4,K1_vs_K7	13	7600000	0.304222	95	group-driven
6:13650000	2	K2_vs_K3,K2_vs_K4	6	13650000	0.304132	115	group-driven
19:6250000	2	K1_vs_K7,K3_vs_K4	19	6250000	0.304005	46	shared
17:10100000	2	K1_vs_K2,K1_vs_K5	17	10100000	0.303143	342	group-driven
17:10150000	2	K1_vs_K2,K1_vs_K5	17	10150000	0.303143	342	group-driven
17:10200000	2	K1_vs_K2,K1_vs_K5	17	10200000	0.303143	342	group-driven
17:10250000	2	K1_vs_K2,K1_vs_K5	17	10250000	0.303143	342	group-driven
17:10300000	2	K1_vs_K2,K1_vs_K5	17	10300000	0.303143	342	group-driven
10:4950000	2	K1_vs_K2,K1_vs_K4	10	4950000	0.303131	34	group-driven
5:1200000	2	K3_vs_K7,K4_vs_K7	5	1200000	0.301377	20	group-driven
13:2550000	2	K1_vs_K4,K1_vs_K6	13	2550000	0.301233	37	group-driven
7:25050000	2	K1_vs_K4,K4_vs_K5	7	25050000	0.301161	46	group-driven
18:6600000	2	K3_vs_K5,K3_vs_K7	18	6600000	0.3004	32	group-driven
9:13600000	2	K1_vs_K2,K2_vs_K3	9	13600000	0.300057	51	group-driven
14:27950000	2	K3_vs_K7,K5_vs_K7	14	27950000	0.299852	50	group-driven
2:5300000	2	K2_vs_K5,K5_vs_K6	2	5300000	0.299644	257	group-driven
2:5350000	2	K2_vs_K5,K5_vs_K6	2	5350000	0.299644	257	group-driven
16:100000	2	K2_vs_K4,K3_vs_K4	16	100000	0.299358	37	group-driven
14:6150000	2	K1_vs_K4,K4_vs_K7	14	6150000	0.297974	33	group-driven
12:18950000	2	K1_vs_K4,K1_vs_K7	12	18950000	0.297783	31	group-driven
2:1050000	2	K3_vs_K5,K4_vs_K5	2	1050000	0.297445	22	group-driven
14:6500000	2	K1_vs_K6,K4_vs_K6	14	6500000	0.29651	47	group-driven
14:10800000	2	K3_vs_K4,K4_vs_K6	14	10800000	0.296251	124	group-driven
10:18450000	2	K2_vs_K4,K4_vs_K6	10	18450000	0.29511	158	group-driven
14:900000	2	K2_vs_K5,K4_vs_K5	14	900000	0.294908	40	group-driven
6:17650000	2	K3_vs_K7,K4_vs_K7	6	17650000	0.294694	58	group-driven
14:21100000	2	K3_vs_K6,K3_vs_K7	14	21100000	0.294425	45	group-driven
3:150000	2	K4_vs_K5,K4_vs_K7	3	150000	0.293485	60	group-driven
3:200000	2	K1_vs_K4,K4_vs_K7	3	200000	0.293485	22	group-driven
1:12350000	2	K2_vs_K4,K4_vs_K7	1	12350000	0.293173	76	group-driven
16:200000	2	K1_vs_K7,K2_vs_K7	16	200000	0.292033	134	group-driven
16:250000	2	K1_vs_K7,K2_vs_K7	16	250000	0.292033	134	group-driven
17:10650000	2	K1_vs_K4,K3_vs_K5	17	10650000	0.291069	44	shared
7:23550000	2	K1_vs_K4,K1_vs_K6	7	23550000	0.29023	21	group-driven
16:21800000	2	K1_vs_K4,K2_vs_K4	16	21800000	0.288147	34	group-driven
6:12650000	2	K1_vs_K2,K2_vs_K5	6	12650000	0.287596	108	group-driven
7:24750000	2	K3_vs_K5,K3_vs_K7	7	24750000	0.287224	27	group-driven
8:17250000	2	K3_vs_K5,K4_vs_K5	8	17250000	0.285555	46	group-driven
8:17300000	2	K4_vs_K5,K5_vs_K7	8	17300000	0.285555	156	group-driven
8:17350000	2	K4_vs_K5,K5_vs_K7	8	17350000	0.285555	156	group-driven
8:17400000	2	K4_vs_K5,K5_vs_K7	8	17400000	0.285555	156	group-driven
18:23300000	2	K1_vs_K7,K3_vs_K7	18	23300000	0.285085	96	group-driven
7:7800000	2	K3_vs_K6,K3_vs_K7	7	7800000	0.285038	44	group-driven
17:6450000	2	K2_vs_K5,K4_vs_K5	17	6450000	0.284791	65	group-driven
4:23600000	2	K3_vs_K5,K5_vs_K7	4	23600000	0.281955	36	group-driven
17:7350000	2	K4_vs_K5,K4_vs_K6	17	7350000	0.2817	225	group-driven
17:7400000	2	K4_vs_K5,K4_vs_K6	17	7400000	0.2817	225	group-driven
17:7450000	2	K4_vs_K5,K4_vs_K6	17	7450000	0.2817	225	group-driven
12:11100000	2	K3_vs_K7,K6_vs_K7	12	11100000	0.280719	112	group-driven
8:22200000	2	K2_vs_K7,K4_vs_K5	8	22200000	0.278382	22	shared
16:8000000	2	K1_vs_K2,K1_vs_K6	16	8000000	0.277898	193	group-driven
6:17750000	2	K1_vs_K7,K4_vs_K7	6	17750000	0.276198	40	group-driven
6:4900000	2	K3_vs_K5,K5_vs_K6	6	4900000	0.276097	26	group-driven
11:8300000	2	K3_vs_K5,K5_vs_K6	11	8300000	0.274349	25	group-driven
7:7250000	2	K3_vs_K6,K3_vs_K7	7	7250000	0.27389	68	group-driven
14:23000000	2	K3_vs_K6,K3_vs_K7	14	23000000	0.273363	54	group-driven
8:21500000	2	K2_vs_K3,K6_vs_K7	8	21500000	0.272398	55	shared
8:10000000	2	K4_vs_K5,K4_vs_K7	8	10000000	0.270937	51	group-driven
14:6900000	2	K1_vs_K2,K1_vs_K6	14	6900000	0.270287	55	group-driven
18:6450000	2	K3_vs_K5,K3_vs_K6	18	6450000	0.270149	43	group-driven
19:550000	2	K3_vs_K5,K5_vs_K7	19	550000	0.2698	24	group-driven
3:8650000	2	K2_vs_K3,K3_vs_K6	3	8650000	0.26808	83	group-driven
3:8700000	2	K2_vs_K3,K3_vs_K6	3	8700000	0.26808	83	group-driven
13:24500000	2	K2_vs_K5,K3_vs_K5	13	24500000	0.267958	35	group-driven
8:9350000	2	K2_vs_K3,K2_vs_K6	8	9350000	0.266449	21	group-driven
11:3050000	2	K1_vs_K5,K4_vs_K5	11	3050000	0.266381	50	group-driven
3:1000000	2	K4_vs_K5,K4_vs_K6	3	1000000	0.265928	130	group-driven
7:2350000	2	K1_vs_K5,K5_vs_K7	7	2350000	0.26556	80	group-driven
18:10000000	2	K4_vs_K5,K5_vs_K6	18	10000000	0.263884	44	group-driven
9:6950000	2	K2_vs_K3,K2_vs_K6	9	6950000	0.263606	80	group-driven
14:13900000	2	K2_vs_K7,K4_vs_K7	14	13900000	0.263031	81	group-driven
12:7450000	2	K3_vs_K5,K4_vs_K5	12	7450000	0.262782	42	group-driven
18:10750000	2	K2_vs_K5,K3_vs_K5	18	10750000	0.262317	41	group-driven
4:1200000	2	K4_vs_K7,K5_vs_K6	4	1200000	0.26196	40	shared
9:4950000	2	K1_vs_K2,K1_vs_K7	9	4950000	0.261787	54	group-driven
9:10500000	2	K2_vs_K3,K2_vs_K6	9	10500000	0.261737	22	group-driven
8:21250000	2	K2_vs_K4,K4_vs_K7	8	21250000	0.261644	27	group-driven
17:6750000	2	K2_vs_K7,K6_vs_K7	17	6750000	0.261153	27	group-driven
8:8950000	2	K2_vs_K3,K2_vs_K4	8	8950000	0.26043	34	group-driven
1:18500000	2	K3_vs_K5,K5_vs_K6	1	18500000	0.259811	33	group-driven
3:7200000	2	K2_vs_K3,K2_vs_K6	3	7200000	0.259201	56	group-driven
1:14650000	2	K1_vs_K5,K4_vs_K5	1	14650000	0.258983	65	group-driven
14:28800000	2	K3_vs_K5,K5_vs_K6	14	28800000	0.258817	22	group-driven
11:18250000	2	K3_vs_K5,K3_vs_K6	11	18250000	0.257789	66	group-driven
14:8300000	2	K4_vs_K7,K5_vs_K7	14	8300000	0.257316	106	group-driven
3:650000	2	K4_vs_K5,K4_vs_K6	3	650000	0.256665	43	group-driven
17:7250000	2	K4_vs_K6,K5_vs_K6	17	7250000	0.255508	166	group-driven
8:13300000	2	K4_vs_K5,K4_vs_K7	8	13300000	0.255351	54	group-driven
4:2900000	2	K1_vs_K2,K2_vs_K7	4	2900000	0.255163	31	group-driven
4:3000000	2	K1_vs_K2,K2_vs_K6	4	3000000	0.255163	36	group-driven
14:22500000	2	K1_vs_K5,K4_vs_K5	14	22500000	0.255065	45	group-driven
6:16300000	2	K2_vs_K4,K4_vs_K7	6	16300000	0.255004	58	group-driven
19:22700000	2	K1_vs_K7,K3_vs_K6	19	22700000	0.254862	54	shared
7:2000000	2	K1_vs_K5,K4_vs_K5	7	2000000	0.254386	37	group-driven
1:5850000	2	K1_vs_K7,K6_vs_K7	1	5850000	0.254129	51	group-driven
4:650000	2	K1_vs_K5,K5_vs_K6	4	650000	0.25397	99	group-driven
4:700000	2	K1_vs_K5,K5_vs_K6	4	700000	0.25397	99	group-driven
6:13200000	2	K1_vs_K2,K2_vs_K3	6	13200000	0.253772	75	group-driven
2:4300000	2	K1_vs_K5,K6_vs_K7	2	4300000	0.253504	45	shared
13:7000000	2	K1_vs_K5,K1_vs_K7	13	7000000	0.253483	191	group-driven
4:21600000	2	K1_vs_K5,K1_vs_K6	4	21600000	0.253233	66	group-driven
14:22650000	2	K1_vs_K5,K4_vs_K5	14	22650000	0.252566	47	group-driven
9:7450000	2	K1_vs_K2,K2_vs_K6	9	7450000	0.2521	83	group-driven
8:18150000	2	K1_vs_K5,K5_vs_K7	8	18150000	0.250392	29	group-driven
13:1200000	2	K2_vs_K3,K2_vs_K6	13	1200000	0.250123	67	group-driven
13:1250000	2	K2_vs_K3,K2_vs_K6	13	1250000	0.250123	67	group-driven
18:7450000	2	K2_vs_K3,K3_vs_K6	18	7450000	0.249321	67	group-driven
8:15900000	2	K1_vs_K5,K4_vs_K5	8	15900000	0.249105	37	group-driven
8:7550000	2	K2_vs_K5,K2_vs_K6	8	7550000	0.248761	58	group-driven
8:20400000	2	K2_vs_K3,K5_vs_K6	8	20400000	0.246989	24	shared
12:9200000	2	K1_vs_K5,K5_vs_K7	12	9200000	0.246116	47	group-driven
10:6800000	2	K1_vs_K7,K2_vs_K7	10	6800000	0.245811	88	group-driven
6:9050000	2	K2_vs_K5,K4_vs_K5	6	9050000	0.24466	25	group-driven
6:16450000	2	K4_vs_K5,K5_vs_K7	6	16450000	0.244426	67	group-driven
14:4500000	2	K1_vs_K2,K1_vs_K6	14	4500000	0.244239	68	group-driven
18:23000000	2	K1_vs_K7,K2_vs_K7	18	23000000	0.244187	28	group-driven
2:4500000	2	K2_vs_K5,K5_vs_K6	2	4500000	0.24326	122	group-driven
2:4650000	2	K2_vs_K5,K5_vs_K6	2	4650000	0.24326	122	group-driven
18:8000000	2	K1_vs_K5,K2_vs_K4	18	8000000	0.242729	52	shared
18:12100000	2	K1_vs_K5,K2_vs_K5	18	12100000	0.241662	43	group-driven
9:4350000	2	K1_vs_K7,K2_vs_K6	9	4350000	0.241051	104	shared
8:18250000	2	K1_vs_K2,K2_vs_K7	8	18250000	0.238721	33	group-driven
7:22450000	2	K1_vs_K6,K2_vs_K6	7	22450000	0.238131	85	group-driven
3:3550000	2	K2_vs_K7,K5_vs_K7	3	3550000	0.234198	35	group-driven
6:4650000	2	K5_vs_K6,K5_vs_K7	6	4650000	0.233356	40	group-driven
4:200000	2	K2_vs_K6,K2_vs_K7	4	200000	0.22984	67	group-driven
10:5900000	2	K2_vs_K6,K2_vs_K7	10	5900000	0.22867	52	group-driven
7:18100000	2	K1_vs_K6,K5_vs_K6	7	18100000	0.228134	53	group-driven
18:5350000	2	K5_vs_K6,K5_vs_K7	18	5350000	0.227898	29	group-driven
7:7200000	2	K3_vs_K6,K6_vs_K7	7	7200000	0.226517	46	group-driven
1:2750000	2	K1_vs_K6,K6_vs_K7	1	2750000	0.226389	44	group-driven
1:2200000	2	K1_vs_K6,K5_vs_K6	1	2200000	0.225247	46	group-driven
1:2250000	2	K1_vs_K6,K6_vs_K7	1	2250000	0.225247	40	group-driven
18:600000	2	K2_vs_K4,K2_vs_K6	18	600000	0.224201	51	group-driven
5:25400000	2	K3_vs_K6,K4_vs_K6	5	25400000	0.223344	110	group-driven
14:11400000	2	K1_vs_K6,K3_vs_K6	14	11400000	0.223289	73	group-driven
5:17350000	2	K3_vs_K6,K6_vs_K7	5	17350000	0.222933	52	group-driven
7:2450000	2	K2_vs_K5,K2_vs_K6	7	2450000	0.222909	48	group-driven
8:11500000	2	K2_vs_K4,K2_vs_K5	8	11500000	0.222632	63	group-driven
18:34750000	2	K1_vs_K6,K2_vs_K6	18	34750000	0.220491	64	group-driven
2:9050000	2	K2_vs_K7,K6_vs_K7	2	9050000	0.219588	47	group-driven
16:18250000	2	K1_vs_K6,K6_vs_K7	16	18250000	0.21889	55	group-driven
16:4250000	2	K1_vs_K6,K6_vs_K7	16	4250000	0.218846	44	group-driven
11:2350000	2	K2_vs_K5,K5_vs_K7	11	2350000	0.218786	28	group-driven
14:1400000	2	K5_vs_K6,K5_vs_K7	14	1400000	0.218761	23	group-driven
14:26950000	2	K2_vs_K5,K5_vs_K7	14	26950000	0.218453	57	group-driven
6:7550000	2	K1_vs_K6,K5_vs_K6	6	7550000	0.218023	51	group-driven
10:5350000	2	K2_vs_K5,K2_vs_K7	10	5350000	0.216664	32	group-driven
3:5750000	2	K2_vs_K5,K2_vs_K6	3	5750000	0.215761	23	group-driven
3:5400000	2	K1_vs_K6,K2_vs_K6	3	5400000	0.215392	67	group-driven
8:8100000	2	K2_vs_K7,K6_vs_K7	8	8100000	0.213348	40	group-driven
10:850000	2	K2_vs_K6,K3_vs_K6	10	850000	0.213189	21	group-driven
1:23150000	2	K2_vs_K4,K4_vs_K6	1	23150000	0.212244	25	group-driven
4:24500000	2	K1_vs_K6,K6_vs_K7	4	24500000	0.212129	58	group-driven
5:7100000	2	K2_vs_K4,K2_vs_K6	5	7100000	0.212062	98	group-driven
14:13700000	2	K2_vs_K4,K4_vs_K6	14	13700000	0.211695	74	group-driven
3:7100000	2	K2_vs_K6,K2_vs_K7	3	7100000	0.211626	82	group-driven
8:13000000	2	K2_vs_K4,K4_vs_K6	8	13000000	0.210807	47	group-driven
5:22950000	2	K2_vs_K6,K6_vs_K7	5	22950000	0.209776	60	group-driven
7:14350000	2	K1_vs_K6,K3_vs_K6	7	14350000	0.208044	25	group-driven
3:6500000	2	K2_vs_K6,K5_vs_K6	3	6500000	0.207777	36	group-driven
11:3750000	2	K2_vs_K5,K5_vs_K6	11	3750000	0.20419	54	group-driven
1:15650000	2	K2_vs_K6,K5_vs_K6	1	15650000	0.198446	47	group-driven
9:10550000	2	K2_vs_K6,K4_vs_K6	9	10550000	0.189881	82	group-driven
4:1950000	2	K3_vs_K6,K5_vs_K6	4	1950000	0.188948	28	group-driven
10:9100000	2	K2_vs_K6,K4_vs_K6	10	9100000	0.186619	52	group-driven
6:11900000	2	K2_vs_K6,K6_vs_K7	6	11900000	0.186563	48	group-driven
8:9450000	2	K2_vs_K6,K4_vs_K6	8	9450000	0.184689	65	group-driven
11:500000	2	K2_vs_K6,K5_vs_K6	11	500000	0.178063	33	group-driven
7:25700000	1	K1_vs_K4	7	25700000	0.444737	130	group-driven
7:25750000	1	K1_vs_K4	7	25750000	0.444737	130	group-driven
7:25800000	1	K1_vs_K4	7	25800000	0.444737	130	group-driven
7:25850000	1	K1_vs_K4	7	25850000	0.444737	130	group-driven
7:25900000	1	K1_vs_K4	7	25900000	0.444737	130	group-driven
18:26750000	1	K3_vs_K4	18	26750000	0.415883	27	group-driven
7:24200000	1	K1_vs_K3	7	24200000	0.410646	104	group-driven
8:12550000	1	K3_vs_K4	8	12550000	0.401638	176	group-driven
8:12700000	1	K3_vs_K4	8	12700000	0.401638	176	group-driven
1:20350000	1	K1_vs_K3	1	20350000	0.40028	39	group-driven
14:12400000	1	K1_vs_K3	14	12400000	0.394432	42	group-driven
1:20700000	1	K1_vs_K3	1	20700000	0.393711	104	group-driven
1:20750000	1	K1_vs_K3	1	20750000	0.393711	104	group-driven
8:10900000	1	K1_vs_K3	8	10900000	0.379281	94	group-driven
19:5550000	1	K3_vs_K4	19	5550000	0.372535	81	group-driven
18:21250000	1	K3_vs_K7	18	21250000	0.370126	33	group-driven
19:5200000	1	K1_vs_K3	19	5200000	0.366312	33	group-driven
8:11350000	1	K3_vs_K4	8	11350000	0.360453	72	group-driven
8:11400000	1	K3_vs_K4	8	11400000	0.360453	72	group-driven
18:7300000	1	K1_vs_K3	18	7300000	0.358885	121	group-driven
13:4450000	1	K1_vs_K3	13	4450000	0.352142	28	group-driven
8:12900000	1	K3_vs_K4	8	12900000	0.348827	24	group-driven
9:700000	1	K1_vs_K4	9	700000	0.347033	110	group-driven
18:24250000	1	K1_vs_K3	18	24250000	0.346338	24	group-driven
14:23050000	1	K1_vs_K3	14	23050000	0.344823	71	group-driven
6:6250000	1	K1_vs_K4	6	6250000	0.341238	22	group-driven
3:5300000	1	K1_vs_K3	3	5300000	0.340683	51	group-driven
3:5350000	1	K1_vs_K3	3	5350000	0.340683	51	group-driven
3:17850000	1	K1_vs_K3	3	17850000	0.338039	77	group-driven
18:32200000	1	K3_vs_K4	18	32200000	0.337586	103	group-driven
18:32250000	1	K3_vs_K4	18	32250000	0.337586	103	group-driven
11:3850000	1	K3_vs_K4	11	3850000	0.335467	48	group-driven
1:23650000	1	K3_vs_K4	1	23650000	0.334778	119	group-driven
1:23700000	1	K3_vs_K4	1	23700000	0.334778	119	group-driven
1:23750000	1	K3_vs_K4	1	23750000	0.334778	119	group-driven
8:11150000	1	K3_vs_K4	8	11150000	0.333864	29	group-driven
18:9450000	1	K3_vs_K4	18	9450000	0.332859	25	group-driven
6:20650000	1	K4_vs_K7	6	20650000	0.332095	113	group-driven
14:8750000	1	K1_vs_K4	14	8750000	0.331636	55	group-driven
1:3350000	1	K3_vs_K7	1	3350000	0.331441	93	group-driven
10:23900000	1	K3_vs_K4	10	23900000	0.331439	24	group-driven
13:26050000	1	K1_vs_K3	13	26050000	0.331195	37	group-driven
4:6600000	1	K3_vs_K4	4	6600000	0.329803	23	group-driven
19:4050000	1	K1_vs_K3	19	4050000	0.328092	41	group-driven
1:21000000	1	K1_vs_K3	1	21000000	0.327237	48	group-driven
12:22600000	1	K1_vs_K4	12	22600000	0.326982	56	group-driven
14:22700000	1	K1_vs_K3	14	22700000	0.326698	68	group-driven
18:24400000	1	K1_vs_K3	18	24400000	0.326178	57	group-driven
3:9050000	1	K2_vs_K3	3	9050000	0.325354	73	group-driven
3:9100000	1	K2_vs_K3	3	9100000	0.325354	73	group-driven
18:22750000	1	K3_vs_K7	18	22750000	0.323695	183	group-driven
1:10700000	1	K4_vs_K7	1	10700000	0.323103	48	group-driven
6:12450000	1	K2_vs_K3	6	12450000	0.32232	106	group-driven
14:17900000	1	K4_vs_K7	14	17900000	0.322189	231	group-driven
1:22150000	1	K3_vs_K4	1	22150000	0.320783	35	group-driven
16:900000	1	K1_vs_K4	16	900000	0.320493	56	group-driven
11:3150000	1	K3_vs_K4	11	3150000	0.320124	134	group-driven
11:3200000	1	K3_vs_K4	11	3200000	0.320124	134	group-driven
8:13850000	1	K3_vs_K7	8	13850000	0.316472	20	group-driven
14:15650000	1	K3_vs_K4	14	15650000	0.316059	21	group-driven
3:5650000	1	K3_vs_K4	3	5650000	0.313233	57	group-driven
11:4650000	1	K3_vs_K5	11	4650000	0.312508	133	group-driven
7:6800000	1	K3_vs_K7	7	6800000	0.311369	116	group-driven
7:6850000	1	K3_vs_K7	7	6850000	0.311369	116	group-driven
15:16000000	1	K1_vs_K4	15	16000000	0.310054	44	group-driven
11:10800000	1	K3_vs_K5	11	10800000	0.309988	102	group-driven
12:14400000	1	K3_vs_K4	12	14400000	0.30971	51	group-driven
7:25450000	1	K1_vs_K4	7	25450000	0.308262	92	group-driven
7:25550000	1	K1_vs_K4	7	25550000	0.308262	92	group-driven
8:22050000	1	K4_vs_K7	8	22050000	0.307688	60	group-driven
8:22100000	1	K4_vs_K7	8	22100000	0.307688	60	group-driven
8:22150000	1	K4_vs_K7	8	22150000	0.307688	60	group-driven
6:5950000	1	K1_vs_K4	6	5950000	0.307317	25	group-driven
8:12350000	1	K3_vs_K4	8	12350000	0.307173	147	group-driven
11:3450000	1	K3_vs_K5	11	3450000	0.306758	84	group-driven
10:16500000	1	K1_vs_K4	10	16500000	0.306379	85	group-driven
6:1400000	1	K3_vs_K7	6	1400000	0.306231	50	group-driven
11:7900000	1	K3_vs_K5	11	7900000	0.305975	102	group-driven
4:23400000	1	K1_vs_K4	4	23400000	0.305374	45	group-driven
16:22750000	1	K3_vs_K4	16	22750000	0.304758	42	group-driven
2:1600000	1	K3_vs_K7	2	1600000	0.304545	49	group-driven
3:6800000	1	K2_vs_K3	3	6800000	0.304369	77	group-driven
6:13700000	1	K2_vs_K3	6	13700000	0.304132	291	group-driven
6:13750000	1	K2_vs_K3	6	13750000	0.304132	291	group-driven
6:13800000	1	K2_vs_K3	6	13800000	0.304132	291	group-driven
12:5300000	1	K1_vs_K4	12	5300000	0.303952	25	group-driven
19:6050000	1	K3_vs_K4	19	6050000	0.303586	33	group-driven
1:3850000	1	K3_vs_K4	1	3850000	0.302619	23	group-driven
3:2150000	1	K1_vs_K4	3	2150000	0.302485	34	group-driven
11:600000	1	K3_vs_K4	11	600000	0.301893	23	group-driven
3:350000	1	K4_vs_K7	3	350000	0.301689	64	group-driven
3:400000	1	K4_vs_K7	3	400000	0.301689	64	group-driven
10:15500000	1	K1_vs_K4	10	15500000	0.301331	52	group-driven
16:2600000	1	K1_vs_K4	16	2600000	0.300357	36	group-driven
10:16050000	1	K1_vs_K4	10	16050000	0.299773	104	group-driven
6:21050000	1	K1_vs_K2	6	21050000	0.299268	221	group-driven
7:24900000	1	K1_vs_K4	7	24900000	0.298485	30	group-driven
14:10950000	1	K3_vs_K4	14	10950000	0.298482	33	group-driven
3:17800000	1	K3_vs_K4	3	17800000	0.298295	56	group-driven
4:24300000	1	K3_vs_K4	4	24300000	0.298143	95	group-driven
12:20800000	1	K1_vs_K4	12	20800000	0.297994	64	group-driven
6:21250000	1	K1_vs_K2	6	21250000	0.297928	229	group-driven
6:21300000	1	K1_vs_K2	6	21300000	0.297928	229	group-driven
6:21350000	1	K1_vs_K2	6	21350000	0.297928	229	group-driven
10:750000	1	K2_vs_K3	10	750000	0.297749	88	group-driven
19:23750000	1	K3_vs_K4	19	23750000	0.297184	91	group-driven
5:12300000	1	K3_vs_K4	5	12300000	0.296382	89	group-driven
16:1800000	1	K3_vs_K7	16	1800000	0.296328	41	group-driven
17:8900000	1	K4_vs_K5	17	8900000	0.294474	112	group-driven
1:10450000	1	K4_vs_K7	1	10450000	0.294223	49	group-driven
11:16100000	1	K3_vs_K7	11	16100000	0.293498	31	group-driven
2:4950000	1	K1_vs_K2	2	4950000	0.293222	257	group-driven
2:5000000	1	K1_vs_K2	2	5000000	0.293222	257	group-driven
1:12300000	1	K4_vs_K7	1	12300000	0.293173	303	group-driven
19:2500000	1	K3_vs_K5	19	2500000	0.292292	46	group-driven
16:150000	1	K1_vs_K7	16	150000	0.292033	152	group-driven
14:17400000	1	K5_vs_K7	14	17400000	0.291708	86	group-driven
16:17300000	1	K1_vs_K7	16	17300000	0.29073	69	group-driven
11:5150000	1	K5_vs_K7	11	5150000	0.289918	439	group-driven
11:7350000	1	K3_vs_K5	11	7350000	0.289653	65	group-driven
3:9550000	1	K2_vs_K3	3	9550000	0.28947	173	group-driven
14:18950000	1	K2_vs_K3	14	18950000	0.288988	73	group-driven
11:5350000	1	K4_vs_K5	11	5350000	0.288495	83	group-driven
11:5400000	1	K4_vs_K5	11	5400000	0.288495	83	group-driven
11:5450000	1	K4_vs_K5	11	5450000	0.288495	83	group-driven
8:17750000	1	K5_vs_K7	8	17750000	0.288343	98	group-driven
2:8250000	1	K3_vs_K7	2	8250000	0.288023	57	group-driven
10:1500000	1	K3_vs_K7	10	1500000	0.287741	22	group-driven
6:12550000	1	K2_vs_K5	6	12550000	0.287596	250	group-driven
6:12600000	1	K2_vs_K5	6	12600000	0.287596	250	group-driven
5:3100000	1	K3_vs_K5	5	3100000	0.287292	53	group-driven
12:18150000	1	K1_vs_K4	12	18150000	0.287119	91	group-driven
9:5100000	1	K4_vs_K5	9	5100000	0.285933	157	group-driven
9:5150000	1	K4_vs_K5	9	5150000	0.285933	157	group-driven
9:5200000	1	K4_vs_K5	9	5200000	0.285933	157	group-driven
18:5450000	1	K3_vs_K5	18	5450000	0.28563	74	group-driven
18:5500000	1	K3_vs_K5	18	5500000	0.28563	74	group-driven
18:5550000	1	K3_vs_K5	18	5550000	0.28563	74	group-driven
14:17700000	1	K3_vs_K7	14	17700000	0.285311	57	group-driven
11:4300000	1	K3_vs_K5	11	4300000	0.285123	76	group-driven
16:22700000	1	K4_vs_K5	16	22700000	0.283573	53	group-driven
11:10250000	1	K3_vs_K7	11	10250000	0.2829	100	group-driven
8:20900000	1	K2_vs_K3	8	20900000	0.282886	45	group-driven
3:2650000	1	K1_vs_K2	3	2650000	0.28174	68	group-driven
1:23400000	1	K4_vs_K5	1	23400000	0.281576	89	group-driven
1:23450000	1	K4_vs_K5	1	23450000	0.281576	89	group-driven
12:8700000	1	K5_vs_K7	12	8700000	0.280833	89	group-driven
12:8750000	1	K5_vs_K7	12	8750000	0.280833	89	group-driven
3:9650000	1	K2_vs_K4	3	9650000	0.280697	149	group-driven
3:9700000	1	K2_vs_K4	3	9700000	0.280697	149	group-driven
6:5050000	1	K1_vs_K5	6	5050000	0.279614	70	group-driven
6:5100000	1	K1_vs_K5	6	5100000	0.279614	70	group-driven
11:12450000	1	K3_vs_K7	11	12450000	0.278992	61	group-driven
18:21000000	1	K3_vs_K7	18	21000000	0.278032	43	group-driven
16:7850000	1	K1_vs_K2	16	7850000	0.277898	413	group-driven
16:7950000	1	K1_vs_K2	16	7950000	0.277898	413	group-driven
6:17700000	1	K4_vs_K7	6	17700000	0.276198	101	group-driven
6:19200000	1	K3_vs_K5	6	19200000	0.276189	63	group-driven
19:7450000	1	K3_vs_K7	19	7450000	0.275981	62	group-driven
18:34650000	1	K1_vs_K7	18	34650000	0.275844	56	group-driven
14:5700000	1	K4_vs_K7	14	5700000	0.275754	55	group-driven
14:17500000	1	K3_vs_K7	14	17500000	0.275621	36	group-driven
4:23450000	1	K4_vs_K7	4	23450000	0.275182	46	group-driven
15:5100000	1	K2_vs_K3	15	5100000	0.275045	32	group-driven
4:23850000	1	K3_vs_K7	4	23850000	0.274919	31	group-driven
5:6150000	1	K1_vs_K7	5	6150000	0.274696	64	group-driven
11:14800000	1	K1_vs_K5	11	14800000	0.273992	95	group-driven
14:550000	1	K4_vs_K7	14	550000	0.273557	41	group-driven
8:12950000	1	K4_vs_K7	8	12950000	0.27303	50	group-driven
8:21550000	1	K2_vs_K3	8	21550000	0.272398	74	group-driven
18:7800000	1	K1_vs_K5	18	7800000	0.271843	99	group-driven
9:3000000	1	K1_vs_K5	9	3000000	0.269876	89	group-driven
5:5550000	1	K3_vs_K5	5	5550000	0.269755	76	group-driven
5:2550000	1	K4_vs_K7	5	2550000	0.269716	74	group-driven
8:15600000	1	K4_vs_K5	8	15600000	0.269045	24	group-driven
19:1900000	1	K3_vs_K5	19	1900000	0.2688	28	group-driven
14:28150000	1	K3_vs_K5	14	28150000	0.268771	107	group-driven
14:28200000	1	K3_vs_K5	14	28200000	0.268771	107	group-driven
15:22100000	1	K2_vs_K4	15	22100000	0.268585	96	group-driven
14:7100000	1	K4_vs_K6	14	7100000	0.268384	267	group-driven
14:7150000	1	K4_vs_K6	14	7150000	0.268384	267	group-driven
14:7200000	1	K4_vs_K6	14	7200000	0.268384	267	group-driven
14:7250000	1	K4_vs_K6	14	7250000	0.268384	267	group-driven
14:7300000	1	K4_vs_K6	14	7300000	0.268384	267	group-driven
14:7350000	1	K4_vs_K6	14	7350000	0.268384	267	group-driven
14:7400000	1	K4_vs_K6	14	7400000	0.268384	267	group-driven
1:4800000	1	K3_vs_K5	1	4800000	0.267657	49	group-driven
1:15850000	1	K4_vs_K7	1	15850000	0.267369	53	group-driven
11:3000000	1	K1_vs_K5	11	3000000	0.266381	132	group-driven
13:14850000	1	K1_vs_K5	13	14850000	0.266125	238	group-driven
13:14900000	1	K1_vs_K5	13	14900000	0.266125	238	group-driven
4:19350000	1	K1_vs_K7	4	19350000	0.265867	33	group-driven
14:27850000	1	K3_vs_K5	14	27850000	0.265855	44	group-driven
7:2200000	1	K1_vs_K5	7	2200000	0.26556	134	group-driven
7:2250000	1	K1_vs_K5	7	2250000	0.26556	134	group-driven
5:6200000	1	K3_vs_K5	5	6200000	0.264801	35	group-driven
13:27550000	1	K4_vs_K7	13	27550000	0.264593	36	group-driven
8:17450000	1	K5_vs_K7	8	17450000	0.264144	287	group-driven
8:17500000	1	K5_vs_K7	8	17500000	0.264144	287	group-driven
17:12400000	1	K4_vs_K5	17	12400000	0.263849	51	group-driven
9:7000000	1	K2_vs_K3	9	7000000	0.263606	188	group-driven
4:10900000	1	K2_vs_K3	4	10900000	0.263329	74	group-driven
10:8050000	1	K2_vs_K4	10	8050000	0.262431	43	group-driven
9:14200000	1	K2_vs_K7	9	14200000	0.262233	332	group-driven
9:14250000	1	K2_vs_K7	9	14250000	0.262233	332	group-driven
9:5000000	1	K1_vs_K7	9	5000000	0.261787	123	group-driven
3:3300000	1	K4_vs_K7	3	3300000	0.261733	50	group-driven
8:21300000	1	K2_vs_K4	8	21300000	0.261644	140	group-driven
8:21350000	1	K2_vs_K4	8	21350000	0.261644	140	group-driven
8:21400000	1	K2_vs_K4	8	21400000	0.261644	140	group-driven
19:3950000	1	K2_vs_K3	19	3950000	0.261426	38	group-driven
8:1750000	1	K2_vs_K3	8	1750000	0.261395	56	group-driven
17:6550000	1	K2_vs_K7	17	6550000	0.261153	137	group-driven
17:6600000	1	K2_vs_K7	17	6600000	0.261153	137	group-driven
17:6650000	1	K2_vs_K7	17	6650000	0.261153	137	group-driven
17:6800000	1	K2_vs_K7	17	6800000	0.261153	137	group-driven
14:17650000	1	K4_vs_K7	14	17650000	0.261128	92	group-driven
4:6700000	1	K4_vs_K5	4	6700000	0.261121	56	group-driven
13:2150000	1	K2_vs_K3	13	2150000	0.261003	52	group-driven
5:5700000	1	K1_vs_K7	5	5700000	0.260669	67	group-driven
5:25250000	1	K2_vs_K3	5	25250000	0.260572	77	group-driven
8:12800000	1	K4_vs_K7	8	12800000	0.26047	45	group-driven
11:12700000	1	K3_vs_K5	11	12700000	0.260379	283	group-driven
11:12800000	1	K3_vs_K5	11	12800000	0.260379	283	group-driven
1:22900000	1	K4_vs_K5	1	22900000	0.260271	109	group-driven
1:22950000	1	K4_vs_K5	1	22950000	0.260271	109	group-driven
1:23000000	1	K4_vs_K5	1	23000000	0.260271	109	group-driven
1:23050000	1	K4_vs_K5	1	23050000	0.260271	109	group-driven
7:26050000	1	K1_vs_K7	7	26050000	0.259612	65	group-driven
11:2950000	1	K4_vs_K7	11	2950000	0.259586	23	group-driven
13:2600000	1	K1_vs_K5	13	2600000	0.259411	42	group-driven
18:850000	1	K2_vs_K4	18	850000	0.259185	41	group-driven
7:15250000	1	K2_vs_K3	7	15250000	0.259137	115	group-driven
10:12300000	1	K1_vs_K7	10	12300000	0.259082	130	group-driven
10:12350000	1	K1_vs_K7	10	12350000	0.259082	130	group-driven
1:14550000	1	K4_vs_K5	1	14550000	0.258983	125	group-driven
1:14600000	1	K4_vs_K5	1	14600000	0.258983	125	group-driven
18:12200000	1	K3_vs_K5	18	12200000	0.258399	40	group-driven
1:22000000	1	K4_vs_K5	1	22000000	0.258146	66	group-driven
10:16300000	1	K1_vs_K2	10	16300000	0.258082	56	group-driven
18:8300000	1	K2_vs_K3	18	8300000	0.257906	47	group-driven
5:14850000	1	K3_vs_K5	5	14850000	0.257592	26	group-driven
2:3800000	1	K1_vs_K5	2	3800000	0.257545	45	group-driven
11:11400000	1	K3_vs_K5	11	11400000	0.257476	126	group-driven
1:8700000	1	K4_vs_K7	1	8700000	0.256528	67	group-driven
16:5150000	1	K1_vs_K7	16	5150000	0.256338	63	group-driven
6:7900000	1	K3_vs_K5	6	7900000	0.255811	35	group-driven
7:15050000	1	K3_vs_K6	7	15050000	0.255543	54	group-driven
17:7150000	1	K5_vs_K6	17	7150000	0.255508	166	group-driven
17:7200000	1	K5_vs_K6	17	7200000	0.255508	166	group-driven
3:7550000	1	K2_vs_K3	3	7550000	0.255425	51	group-driven
8:4300000	1	K2_vs_K4	8	4300000	0.255181	158	group-driven
8:4350000	1	K2_vs_K4	8	4350000	0.255181	158	group-driven
4:2950000	1	K1_vs_K2	4	2950000	0.255163	62	group-driven
9:8700000	1	K2_vs_K3	9	8700000	0.255131	105	group-driven
8:10500000	1	K2_vs_K5	8	10500000	0.255057	243	group-driven
8:10550000	1	K2_vs_K5	8	10550000	0.255057	243	group-driven
8:10650000	1	K2_vs_K5	8	10650000	0.255057	243	group-driven
8:10700000	1	K2_vs_K5	8	10700000	0.255057	243	group-driven
8:10750000	1	K2_vs_K5	8	10750000	0.255057	243	group-driven
5:20150000	1	K1_vs_K7	5	20150000	0.254261	78	group-driven
9:5750000	1	K2_vs_K3	9	5750000	0.254187	57	group-driven
4:750000	1	K1_vs_K5	4	750000	0.25397	158	group-driven
7:26200000	1	K5_vs_K7	7	26200000	0.253609	35	group-driven
11:14950000	1	K1_vs_K5	11	14950000	0.253606	79	group-driven
1:11450000	1	K5_vs_K7	1	11450000	0.25354	20	group-driven
4:21650000	1	K1_vs_K5	4	21650000	0.253233	126	group-driven
13:7100000	1	K1_vs_K7	13	7100000	0.253208	299	group-driven
10:17750000	1	K2_vs_K3	10	17750000	0.252754	242	group-driven
10:17800000	1	K2_vs_K3	10	17800000	0.252754	242	group-driven
10:17850000	1	K2_vs_K3	10	17850000	0.252754	242	group-driven
9:19750000	1	K2_vs_K5	9	19750000	0.252734	153	group-driven
12:7050000	1	K4_vs_K5	12	7050000	0.252519	65	group-driven
16:17500000	1	K1_vs_K7	16	17500000	0.252357	111	group-driven
2:1450000	1	K2_vs_K4	2	1450000	0.252131	25	group-driven
1:18550000	1	K4_vs_K5	1	18550000	0.252058	67	group-driven
2:1800000	1	K4_vs_K5	2	1800000	0.252058	21	group-driven
19:3700000	1	K2_vs_K3	19	3700000	0.251765	25	group-driven
2:2000000	1	K2_vs_K5	2	2000000	0.251504	93	group-driven
2:2050000	1	K2_vs_K5	2	2050000	0.251504	93	group-driven
4:5400000	1	K1_vs_K5	4	5400000	0.251449	67	group-driven
1:6150000	1	K1_vs_K5	1	6150000	0.251199	66	group-driven
2:4050000	1	K2_vs_K3	2	4050000	0.250909	23	group-driven
18:10350000	1	K1_vs_K5	18	10350000	0.250832	59	group-driven
7:15650000	1	K3_vs_K6	7	15650000	0.250019	85	group-driven
9:17900000	1	K3_vs_K6	9	17900000	0.249973	190	group-driven
9:17950000	1	K3_vs_K6	9	17950000	0.249973	190	group-driven
3:10850000	1	K2_vs_K3	3	10850000	0.249857	109	group-driven
2:5550000	1	K1_vs_K2	2	5550000	0.249461	51	group-driven
8:15950000	1	K4_vs_K5	8	15950000	0.24908	73	group-driven
8:16000000	1	K4_vs_K5	8	16000000	0.24908	73	group-driven
8:3800000	1	K2_vs_K4	8	3800000	0.248576	116	group-driven
8:3850000	1	K2_vs_K4	8	3850000	0.248576	116	group-driven
8:3900000	1	K2_vs_K4	8	3900000	0.248576	116	group-driven
9:18350000	1	K2_vs_K3	9	18350000	0.248424	140	group-driven
4:7600000	1	K2_vs_K3	4	7600000	0.248377	54	group-driven
10:12950000	1	K2_vs_K3	10	12950000	0.248279	95	group-driven
14:1250000	1	K1_vs_K7	14	1250000	0.248275	54	group-driven
7:18750000	1	K1_vs_K2	7	18750000	0.247945	51	group-driven
8:16950000	1	K4_vs_K5	8	16950000	0.247858	40	group-driven
5:5850000	1	K1_vs_K7	5	5850000	0.24774	58	group-driven
13:14450000	1	K1_vs_K5	13	14450000	0.24768	88	group-driven
13:14500000	1	K1_vs_K5	13	14500000	0.24768	88	group-driven
13:14550000	1	K1_vs_K5	13	14550000	0.24768	88	group-driven
14:12600000	1	K1_vs_K7	14	12600000	0.24713	57	group-driven
9:6750000	1	K1_vs_K7	9	6750000	0.246703	93	group-driven
16:12750000	1	K1_vs_K7	16	12750000	0.246669	133	group-driven
10:4750000	1	K1_vs_K2	10	4750000	0.246273	23	group-driven
8:13700000	1	K2_vs_K4	8	13700000	0.245552	42	group-driven
10:16450000	1	K1_vs_K7	10	16450000	0.245214	29	group-driven
10:700000	1	K1_vs_K2	10	700000	0.245085	60	group-driven
17:8300000	1	K4_vs_K5	17	8300000	0.244826	97	group-driven
17:8350000	1	K4_vs_K5	17	8350000	0.244826	97	group-driven
6:16500000	1	K4_vs_K5	6	16500000	0.244426	133	group-driven
6:3400000	1	K1_vs_K6	6	3400000	0.243755	43	group-driven
15:15800000	1	K1_vs_K7	15	15800000	0.243512	61	group-driven
8:14200000	1	K4_vs_K5	8	14200000	0.243342	27	group-driven
2:4350000	1	K5_vs_K6	2	4350000	0.24326	195	group-driven
2:4400000	1	K5_vs_K6	2	4400000	0.24326	195	group-driven
9:3100000	1	K1_vs_K2	9	3100000	0.242778	82	group-driven
10:8550000	1	K2_vs_K4	10	8550000	0.242745	163	group-driven
10:8600000	1	K2_vs_K4	10	8600000	0.242745	163	group-driven
10:8650000	1	K2_vs_K4	10	8650000	0.242745	163	group-driven
9:3550000	1	K1_vs_K2	9	3550000	0.242228	118	group-driven
8:1800000	1	K2_vs_K4	8	1800000	0.242196	42	group-driven
9:11100000	1	K1_vs_K2	9	11100000	0.241574	71	group-driven
6:19100000	1	K2_vs_K4	6	19100000	0.241424	53	group-driven
19:22950000	1	K1_vs_K7	19	22950000	0.241171	56	group-driven
18:22550000	1	K2_vs_K7	18	22550000	0.24115	253	group-driven
2:5900000	1	K1_vs_K7	2	5900000	0.241052	72	group-driven
13:16800000	1	K1_vs_K5	13	16800000	0.240557	48	group-driven
8:19800000	1	K1_vs_K2	8	19800000	0.24048	50	group-driven
5:19750000	1	K1_vs_K7	5	19750000	0.240412	37	group-driven
3:9450000	1	K2_vs_K4	3	9450000	0.240104	40	group-driven
9:20950000	1	K1_vs_K2	9	20950000	0.23999	78	group-driven
3:2850000	1	K1_vs_K2	3	2850000	0.239975	25	group-driven
13:6300000	1	K1_vs_K7	13	6300000	0.2392	73	group-driven
12:4100000	1	K1_vs_K5	12	4100000	0.238737	36	group-driven
7:3350000	1	K5_vs_K7	7	3350000	0.238113	171	group-driven
7:3400000	1	K5_vs_K7	7	3400000	0.238113	171	group-driven
7:3450000	1	K5_vs_K7	7	3450000	0.238113	171	group-driven
7:3500000	1	K5_vs_K7	7	3500000	0.238113	171	group-driven
18:9850000	1	K5_vs_K7	18	9850000	0.238108	57	group-driven
4:13750000	1	K1_vs_K6	4	13750000	0.236433	240	group-driven
4:13800000	1	K1_vs_K6	4	13800000	0.236433	240	group-driven
4:13950000	1	K1_vs_K6	4	13950000	0.236433	240	group-driven
4:14000000	1	K1_vs_K6	4	14000000	0.236433	240	group-driven
4:14050000	1	K1_vs_K6	4	14050000	0.236433	240	group-driven
4:14100000	1	K1_vs_K6	4	14100000	0.236433	240	group-driven
8:18500000	1	K5_vs_K7	8	18500000	0.235584	22	group-driven
4:1750000	1	K5_vs_K7	4	1750000	0.235368	42	group-driven
4:22800000	1	K6_vs_K7	4	22800000	0.234624	51	group-driven
17:12850000	1	K1_vs_K6	17	12850000	0.234533	39	group-driven
9:7200000	1	K2_vs_K7	9	7200000	0.233889	23	group-driven
18:4900000	1	K5_vs_K7	18	4900000	0.233518	55	group-driven
6:4550000	1	K5_vs_K7	6	4550000	0.233356	96	group-driven
6:4600000	1	K5_vs_K7	6	4600000	0.233356	96	group-driven
18:33750000	1	K2_vs_K4	18	33750000	0.232812	68	group-driven
4:1000000	1	K3_vs_K6	4	1000000	0.232455	65	group-driven
13:5500000	1	K1_vs_K6	13	5500000	0.231416	87	group-driven
8:1450000	1	K3_vs_K6	8	1450000	0.230973	27	group-driven
3:11300000	1	K2_vs_K4	3	11300000	0.230435	180	group-driven
3:11350000	1	K2_vs_K4	3	11350000	0.230435	180	group-driven
9:4400000	1	K2_vs_K7	9	4400000	0.230092	56	group-driven
14:1150000	1	K5_vs_K6	14	1150000	0.22958	142	group-driven
18:23550000	1	K3_vs_K6	18	23550000	0.22913	66	group-driven
1:12800000	1	K2_vs_K7	1	12800000	0.228694	288	group-driven
1:12850000	1	K2_vs_K7	1	12850000	0.228694	288	group-driven
10:5850000	1	K2_vs_K7	10	5850000	0.22867	147	group-driven
10:6000000	1	K2_vs_K7	10	6000000	0.22867	147	group-driven
10:6050000	1	K2_vs_K7	10	6050000	0.22867	147	group-driven
18:5400000	1	K5_vs_K7	18	5400000	0.227898	65	group-driven
10:11250000	1	K2_vs_K4	10	11250000	0.227542	114	group-driven
11:4250000	1	K5_vs_K7	11	4250000	0.226962	31	group-driven
10:5550000	1	K2_vs_K7	10	5550000	0.226602	26	group-driven
7:7150000	1	K3_vs_K6	7	7150000	0.226517	169	group-driven
12:21350000	1	K5_vs_K7	12	21350000	0.226026	44	group-driven
9:16450000	1	K2_vs_K4	9	16450000	0.225684	60	group-driven
4:2700000	1	K5_vs_K7	4	2700000	0.225454	45	group-driven
17:7750000	1	K2_vs_K7	17	7750000	0.22535	51	group-driven
17:8050000	1	K2_vs_K5	17	8050000	0.225205	20	group-driven
5:11400000	1	K6_vs_K7	5	11400000	0.224916	134	group-driven
5:11450000	1	K6_vs_K7	5	11450000	0.224916	134	group-driven
5:11500000	1	K6_vs_K7	5	11500000	0.224916	134	group-driven
18:12050000	1	K2_vs_K5	18	12050000	0.224362	182	group-driven
1:1750000	1	K5_vs_K7	1	1750000	0.22396	49	group-driven
5:20000000	1	K5_vs_K7	5	20000000	0.223764	79	group-driven
18:13750000	1	K1_vs_K6	18	13750000	0.223423	49	group-driven
7:2150000	1	K5_vs_K7	7	2150000	0.223355	44	group-driven
7:22600000	1	K1_vs_K6	7	22600000	0.223078	28	group-driven
5:17300000	1	K6_vs_K7	5	17300000	0.222933	110	group-driven
7:26550000	1	K5_vs_K7	7	26550000	0.222388	62	group-driven
11:1000000	1	K4_vs_K6	11	1000000	0.222326	26	group-driven
10:11400000	1	K2_vs_K4	10	11400000	0.221787	48	group-driven
14:1000000	1	K2_vs_K4	14	1000000	0.221761	41	group-driven
4:22400000	1	K1_vs_K6	4	22400000	0.221316	82	group-driven
11:4100000	1	K5_vs_K7	11	4100000	0.221059	40	group-driven
1:7500000	1	K6_vs_K7	1	7500000	0.22091	39	group-driven
17:13550000	1	K3_vs_K6	17	13550000	0.220627	31	group-driven
17:16250000	1	K5_vs_K7	17	16250000	0.219934	20	group-driven
12:6900000	1	K2_vs_K5	12	6900000	0.219697	51	group-driven
9:4100000	1	K2_vs_K7	9	4100000	0.219681	122	group-driven
9:4150000	1	K2_vs_K7	9	4150000	0.219681	122	group-driven
6:20000000	1	K5_vs_K7	6	20000000	0.219572	70	group-driven
6:9000000	1	K2_vs_K5	6	9000000	0.218563	88	group-driven
17:11150000	1	K5_vs_K7	17	11150000	0.218492	55	group-driven
3:3350000	1	K2_vs_K4	3	3350000	0.218175	36	group-driven
10:3050000	1	K5_vs_K7	10	3050000	0.217977	39	group-driven
4:2200000	1	K5_vs_K7	4	2200000	0.217607	51	group-driven
18:10700000	1	K5_vs_K7	18	10700000	0.217265	40	group-driven
8:19150000	1	K6_vs_K7	8	19150000	0.217125	28	group-driven
6:14150000	1	K2_vs_K5	6	14150000	0.216451	100	group-driven
7:23450000	1	K1_vs_K6	7	23450000	0.216338	85	group-driven
7:23500000	1	K1_vs_K6	7	23500000	0.216338	85	group-driven
3:2800000	1	K2_vs_K7	3	2800000	0.216156	21	group-driven
3:9250000	1	K2_vs_K4	3	9250000	0.216124	125	group-driven
3:9300000	1	K2_vs_K4	3	9300000	0.216124	125	group-driven
4:2350000	1	K2_vs_K4	4	2350000	0.215217	57	group-driven
6:13950000	1	K2_vs_K4	6	13950000	0.215195	55	group-driven
7:7600000	1	K3_vs_K6	7	7600000	0.214984	215	group-driven
7:7650000	1	K3_vs_K6	7	7650000	0.214984	215	group-driven
5:12050000	1	K4_vs_K6	5	12050000	0.214902	41	group-driven
18:28550000	1	K1_vs_K6	18	28550000	0.21465	84	group-driven
11:2850000	1	K3_vs_K6	11	2850000	0.213736	53	group-driven
6:20100000	1	K2_vs_K4	6	20100000	0.213252	138	group-driven
14:18050000	1	K2_vs_K7	14	18050000	0.212752	58	group-driven
2:300000	1	K2_vs_K7	2	300000	0.212506	41	group-driven
5:18600000	1	K1_vs_K6	5	18600000	0.212392	80	group-driven
3:8300000	1	K2_vs_K4	3	8300000	0.212188	91	group-driven
9:4800000	1	K2_vs_K4	9	4800000	0.211908	59	group-driven
17:11700000	1	K1_vs_K6	17	11700000	0.211757	52	group-driven
16:19850000	1	K3_vs_K6	16	19850000	0.211616	140	group-driven
16:19900000	1	K3_vs_K6	16	19900000	0.211616	140	group-driven
7:11850000	1	K3_vs_K6	7	11850000	0.21132	104	group-driven
7:11900000	1	K3_vs_K6	7	11900000	0.21132	104	group-driven
19:8000000	1	K2_vs_K4	19	8000000	0.211314	64	group-driven
13:24400000	1	K2_vs_K5	13	24400000	0.211285	77	group-driven
13:24450000	1	K2_vs_K5	13	24450000	0.211285	77	group-driven
4:21850000	1	K1_vs_K6	4	21850000	0.210668	70	group-driven
12:12150000	1	K6_vs_K7	12	12150000	0.210203	60	group-driven
9:14500000	1	K2_vs_K7	9	14500000	0.20986	26	group-driven
2:1650000	1	K2_vs_K4	2	1650000	0.209723	39	group-driven
4:22850000	1	K3_vs_K6	4	22850000	0.209641	128	group-driven
4:22900000	1	K3_vs_K6	4	22900000	0.209641	128	group-driven
16:15700000	1	K1_vs_K6	16	15700000	0.209626	63	group-driven
16:1250000	1	K2_vs_K7	16	1250000	0.209494	78	group-driven
6:10450000	1	K2_vs_K5	6	10450000	0.20935	106	group-driven
14:11300000	1	K3_vs_K6	14	11300000	0.209277	168	group-driven
14:11350000	1	K3_vs_K6	14	11350000	0.209277	168	group-driven
8:11900000	1	K1_vs_K6	8	11900000	0.209176	47	group-driven
1:5550000	1	K1_vs_K6	1	5550000	0.208925	64	group-driven
7:16050000	1	K2_vs_K7	7	16050000	0.208511	92	group-driven
18:11900000	1	K2_vs_K5	18	11900000	0.208367	50	group-driven
9:8650000	1	K2_vs_K7	9	8650000	0.207194	66	group-driven
11:18550000	1	K2_vs_K5	11	18550000	0.206345	67	group-driven
4:450000	1	K6_vs_K7	4	450000	0.206244	33	group-driven
17:16200000	1	K1_vs_K6	17	16200000	0.205729	57	group-driven
10:200000	1	K2_vs_K7	10	200000	0.205502	36	group-driven
6:10950000	1	K2_vs_K5	6	10950000	0.205371	84	group-driven
12:19350000	1	K2_vs_K7	12	19350000	0.205221	133	group-driven
8:7300000	1	K2_vs_K5	8	7300000	0.204994	63	group-driven
6:11750000	1	K5_vs_K6	6	11750000	0.20489	88	group-driven
4:19150000	1	K3_vs_K6	4	19150000	0.204657	31	group-driven
7:25150000	1	K2_vs_K5	7	25150000	0.203404	42	group-driven
14:6100000	1	K1_vs_K6	14	6100000	0.203298	33	group-driven
3:8750000	1	K3_vs_K6	3	8750000	0.202828	167	group-driven
6:20200000	1	K2_vs_K5	6	20200000	0.20265	70	group-driven
9:20800000	1	K1_vs_K6	9	20800000	0.20252	43	group-driven
8:11700000	1	K2_vs_K5	8	11700000	0.20251	67	group-driven
16:5800000	1	K3_vs_K6	16	5800000	0.202394	30	group-driven
11:4000000	1	K2_vs_K5	11	4000000	0.202075	73	group-driven
6:11800000	1	K2_vs_K5	6	11800000	0.201452	113	group-driven
8:12050000	1	K2_vs_K5	8	12050000	0.20094	25	group-driven
14:6050000	1	K2_vs_K7	14	6050000	0.200736	74	group-driven
15:5200000	1	K6_vs_K7	15	5200000	0.200004	72	group-driven
1:14750000	1	K6_vs_K7	1	14750000	0.200001	54	group-driven
16:21750000	1	K2_vs_K7	16	21750000	0.199582	82	group-driven
9:3750000	1	K2_vs_K7	9	3750000	0.199391	57	group-driven
7:950000	1	K3_vs_K6	7	950000	0.199345	28	group-driven
4:15700000	1	K3_vs_K6	4	15700000	0.199099	51	group-driven
6:10650000	1	K2_vs_K5	6	10650000	0.198862	35	group-driven
2:2700000	1	K2_vs_K5	2	2700000	0.198751	84	group-driven
2:2750000	1	K2_vs_K5	2	2750000	0.198751	84	group-driven
8:20700000	1	K5_vs_K6	8	20700000	0.198535	48	group-driven
7:28500000	1	K2_vs_K5	7	28500000	0.198404	99	group-driven
3:7150000	1	K2_vs_K6	3	7150000	0.198001	251	group-driven
3:7250000	1	K2_vs_K6	3	7250000	0.198001	251	group-driven
3:7300000	1	K2_vs_K6	3	7300000	0.198001	251	group-driven
18:9500000	1	K2_vs_K6	18	9500000	0.19757	41	group-driven
15:13550000	1	K3_vs_K6	15	13550000	0.196779	59	group-driven
2:18700000	1	K3_vs_K6	2	18700000	0.196521	23	group-driven
14:30350000	1	K5_vs_K6	14	30350000	0.196004	38	group-driven
18:34800000	1	K2_vs_K6	18	34800000	0.195555	211	group-driven
18:34850000	1	K2_vs_K6	18	34850000	0.195555	211	group-driven
2:2350000	1	K6_vs_K7	2	2350000	0.195167	40	group-driven
1:19550000	1	K6_vs_K7	1	19550000	0.195006	65	group-driven
1:17750000	1	K3_vs_K6	1	17750000	0.194498	52	group-driven
5:21050000	1	K4_vs_K6	5	21050000	0.19441	50	group-driven
3:9200000	1	K3_vs_K6	3	9200000	0.193773	95	group-driven
8:20450000	1	K5_vs_K6	8	20450000	0.193761	66	group-driven
9:18150000	1	K3_vs_K6	9	18150000	0.193526	103	group-driven
7:23900000	1	K5_vs_K6	7	23900000	0.193342	22	group-driven
1:7350000	1	K6_vs_K7	1	7350000	0.192555	29	group-driven
19:23700000	1	K3_vs_K6	19	23700000	0.192548	52	group-driven
10:1400000	1	K6_vs_K7	10	1400000	0.192506	21	group-driven
5:8150000	1	K3_vs_K6	5	8150000	0.192314	44	group-driven
11:2000000	1	K6_vs_K7	11	2000000	0.191721	85	group-driven
11:2050000	1	K6_vs_K7	11	2050000	0.191721	85	group-driven
11:2100000	1	K6_vs_K7	11	2100000	0.191721	85	group-driven
16:1150000	1	K6_vs_K7	16	1150000	0.191653	57	group-driven
8:22300000	1	K6_vs_K7	8	22300000	0.191643	21	group-driven
1:19100000	1	K6_vs_K7	1	19100000	0.19149	65	group-driven
13:400000	1	K3_vs_K6	13	400000	0.191331	23	group-driven
1:20000000	1	K6_vs_K7	1	20000000	0.190941	108	group-driven
1:20050000	1	K6_vs_K7	1	20050000	0.190941	108	group-driven
7:9400000	1	K3_vs_K6	7	9400000	0.190929	75	group-driven
17:6900000	1	K5_vs_K6	17	6900000	0.190275	31	group-driven
9:10400000	1	K2_vs_K6	9	10400000	0.189881	139	group-driven
9:10450000	1	K2_vs_K6	9	10450000	0.189881	139	group-driven
4:16200000	1	K3_vs_K6	4	16200000	0.189321	78	group-driven
17:15700000	1	K3_vs_K6	17	15700000	0.189075	199	group-driven
8:20150000	1	K5_vs_K6	8	20150000	0.188793	24	group-driven
7:11300000	1	K3_vs_K6	7	11300000	0.18864	28	group-driven
7:1550000	1	K6_vs_K7	7	1550000	0.188632	51	group-driven
1:1100000	1	K4_vs_K6	1	1100000	0.188285	64	group-driven
1:1150000	1	K4_vs_K6	1	1150000	0.188285	64	group-driven
1:1200000	1	K4_vs_K6	1	1200000	0.188285	64	group-driven
1:7700000	1	K6_vs_K7	1	7700000	0.188017	154	group-driven
1:7750000	1	K6_vs_K7	1	7750000	0.188017	154	group-driven
1:7800000	1	K6_vs_K7	1	7800000	0.188017	154	group-driven
7:1600000	1	K5_vs_K6	7	1600000	0.187934	54	group-driven
9:7300000	1	K3_vs_K6	9	7300000	0.187716	79	group-driven
10:2500000	1	K6_vs_K7	10	2500000	0.187007	27	group-driven
5:24750000	1	K6_vs_K7	5	24750000	0.186014	85	group-driven
2:5950000	1	K3_vs_K6	2	5950000	0.185921	48	group-driven
9:6200000	1	K3_vs_K6	9	6200000	0.185057	63	group-driven
8:9250000	1	K2_vs_K6	8	9250000	0.184689	164	group-driven
8:9300000	1	K2_vs_K6	8	9300000	0.184689	164	group-driven
8:9400000	1	K2_vs_K6	8	9400000	0.184689	164	group-driven
10:1300000	1	K3_vs_K6	10	1300000	0.184478	51	group-driven
16:22400000	1	K6_vs_K7	16	22400000	0.184291	47	group-driven
1:2050000	1	K3_vs_K6	1	2050000	0.183731	50	group-driven
15:4350000	1	K3_vs_K6	15	4350000	0.183712	65	group-driven
3:1800000	1	K6_vs_K7	3	1800000	0.183082	31	group-driven
2:16550000	1	K6_vs_K7	2	16550000	0.182924	57	group-driven
1:22250000	1	K5_vs_K6	1	22250000	0.18262	31	group-driven
8:19650000	1	K6_vs_K7	8	19650000	0.182134	30	group-driven
6:4950000	1	K5_vs_K6	6	4950000	0.181987	57	group-driven
1:1000000	1	K6_vs_K7	1	1000000	0.181977	62	group-driven
11:6600000	1	K5_vs_K6	11	6600000	0.181693	34	group-driven
9:23000000	1	K4_vs_K6	9	23000000	0.181564	78	group-driven
17:7950000	1	K5_vs_K6	17	7950000	0.180656	25	group-driven
14:2400000	1	K5_vs_K6	14	2400000	0.180513	59	group-driven
15:9400000	1	K5_vs_K6	15	9400000	0.179959	54	group-driven
9:3350000	1	K2_vs_K6	9	3350000	0.179774	150	group-driven
12:2850000	1	K4_vs_K6	12	2850000	0.178662	51	group-driven
9:750000	1	K4_vs_K6	9	750000	0.177851	35	group-driven
1:18850000	1	K4_vs_K6	1	18850000	0.176834	188	group-driven
1:18900000	1	K4_vs_K6	1	18900000	0.176834	188	group-driven
8:9650000	1	K2_vs_K6	8	9650000	0.176529	49	group-driven
14:12950000	1	K4_vs_K6	14	12950000	0.175852	21	group-driven
18:13800000	1	K4_vs_K6	18	13800000	0.172699	90	group-driven
5:21350000	1	K4_vs_K6	5	21350000	0.172455	95	group-driven
17:9250000	1	K4_vs_K6	17	9250000	0.172388	147	group-driven
17:9300000	1	K4_vs_K6	17	9300000	0.172388	147	group-driven
17:9350000	1	K4_vs_K6	17	9350000	0.172388	147	group-driven
7:9900000	1	K2_vs_K6	7	9900000	0.172342	112	group-driven
7:9950000	1	K2_vs_K6	7	9950000	0.172342	112	group-driven
13:1650000	1	K2_vs_K6	13	1650000	0.171395	60	group-driven
9:18300000	1	K4_vs_K6	9	18300000	0.171064	121	group-driven
12:2450000	1	K4_vs_K6	12	2450000	0.170717	102	group-driven
10:19450000	1	K4_vs_K6	10	19450000	0.170402	164	group-driven
14:100000	1	K2_vs_K6	14	100000	0.169577	51	group-driven
3:2500000	1	K4_vs_K6	3	2500000	0.168742	79	group-driven
3:2550000	1	K4_vs_K6	3	2550000	0.168742	79	group-driven
1:12650000	1	K2_vs_K6	1	12650000	0.166068	231	group-driven
1:9900000	1	K4_vs_K6	1	9900000	0.165519	118	group-driven
1:9950000	1	K4_vs_K6	1	9950000	0.165519	118	group-driven
18:13950000	1	K4_vs_K6	18	13950000	0.164955	83	group-driven
12:4600000	1	K4_vs_K6	12	4600000	0.163089	48	group-driven
7:19050000	1	K2_vs_K6	7	19050000	0.162652	64	group-driven
12:3300000	1	K4_vs_K6	12	3300000	0.162489	178	group-driven
12:3350000	1	K4_vs_K6	12	3350000	0.162489	178	group-driven
12:3400000	1	K4_vs_K6	12	3400000	0.162489	178	group-driven
18:9750000	1	K4_vs_K6	18	9750000	0.161515	39	group-driven
6:18250000	1	K4_vs_K6	6	18250000	0.160748	100	group-driven
8:9950000	1	K4_vs_K6	8	9950000	0.160594	68	group-driven
7:16350000	1	K4_vs_K6	7	16350000	0.159752	84	group-driven
10:7400000	1	K4_vs_K6	10	7400000	0.159544	132	group-driven
10:7450000	1	K4_vs_K6	10	7450000	0.159544	132	group-driven
9:400000	1	K4_vs_K6	9	400000	0.15878	62	group-driven
18:13300000	1	K4_vs_K6	18	13300000	0.158657	53	group-driven
18:17000000	1	K4_vs_K6	18	17000000	0.15836	108	group-driven
9:4900000	1	K2_vs_K6	9	4900000	0.157789	20	group-driven
17:8450000	1	K4_vs_K6	17	8450000	0.15762	61	group-driven
3:5550000	1	K2_vs_K6	3	5550000	0.157353	45	group-driven
8:7950000	1	K2_vs_K6	8	7950000	0.157235	83	group-driven
9:5700000	1	K2_vs_K6	9	5700000	0.156955	79	group-driven
11:700000	1	K2_vs_K6	11	700000	0.156814	23	group-driven
11:1100000	1	K2_vs_K6	11	1100000	0.15671	30	group-driven
