"Column 1","Variety ID","Genetic background","Utilization","Berry skin color","Flower phenotype","Geographic origin by region","Bunch density","Geographic origin by country","Muscat taste"
"Arm1","Dzrali","V. vinifera ssp. vinifera","wine","blanc","Female","Tavush Province","medium","ARMENIA","NONE"
"Arm10","Spitak Aldara","V. vinifera ssp. vinifera","wine/table","blanc","Hermaphrodite","Syunik Province","medium","ARMENIA","NA"
"Arm11","Eraskheni","V. vinifera ssp. vinifera","wine/table","noir","Hermaphrodite","Ararat Valley","dense","ARMENIA","NONE"
"Arm12","Tavrizeni","V. vinifera ssp. vinifera","wine/table","blanc","Hermaphrodite","Ararat Valley, Tavush Province","dense","ARMENIA","NONE"
"Arm13","Ambari","V. vinifera ssp. vinifera","table","blanc","Female","Tavush Province","loose","ARMENIA","NONE"
"Arm14","Charentsi","interspecific cross","wine","noir","Hermaphrodite","Ararat Valley","medium","ARMENIA","NONE"
"Arm15","Aragatsi","intraspecific cross","table","rose","Female","Ararat Valley","medium","ARMENIA","NONE"
"Arm16","Armenia","intraspecific cross","table","noir","Hermaphrodite","Ararat Valley","medium","ARMENIA","NONE"
"Arm17","Rizamat","V. vinifera ssp. vinifera","table","rose","Hermaphrodite","Ararat Valley","medium","ARMENIA","NONE"
"Arm18","Genotype 32","V. vinifera ssp. vinifera","wine","noir","Female","Syunik Province","medium","ARMENIA","NA"
"Arm19","Mskhali","V. vinifera ssp. vinifera","wine/table","blanc","Hermaphrodite","Ararat Valley,  Kotayq Armavir, Aragatsotn","medium","ARMENIA","NONE"
"Arm2","Nazeli","V. vinifera ssp. vinifera","table/raisin","blanc","Hermaphrodite","Ararat Valley","medium","ARMENIA","NONE"
"Arm20","Vardabuyr","V. vinifera ssp. vinifera","table","rose","Female","Ararat Valley, Vayots Dzor Province","medium","ARMENIA","NONE"
"Arm21","Sev Areni","V. vinifera ssp. vinifera","wine/table","noir","Hermaphrodite","Vayots Dzor Province","dense","ARMENIA","NONE"
"Arm22","Tozot","V. vinifera ssp. vinifera","wine","noir","Hermaphrodite","Vayots Dzor Province","dense","ARMENIA","NONE"
"Arm23","Anushik","intraspecific cross","wine/table","noir","Hermaphrodite","Ararat Valley","medium","ARMENIA","MUSCAT"
"Arm24","Itsaptuk","V. vinifera ssp. vinifera","table","blanc","Hermaphrodite","Ararat Valley, Vayots Dzor Province","medium","ARMENIA","NONE"
"Arm25","Shrkhkan","V. vinifera ssp. vinifera","table","blanc","Female","Vayots Dzor Province","medium","ARMENIA","NA"
"Arm26","Eghegnadzori Sev","V. vinifera ssp. vinifera","wine","noir","Hermaphrodite","Vayots Dzor Province","dense","ARMENIA","NA"
"Arm27","Spitak Arakseni","V. vinifera ssp. vinifera","table/raisin","blanc","Hermaphrodite","Ararat Valley, Armavir, Aragatsotn, Kotayq","medium","ARMENIA","NONE"
"Arm28","Genotype 3","V. vinifera ssp. vinifera","wild","noir","Female","Syunik Province","loose","ARMENIA","NA"
"Arm29","Marmari","V. vinifera ssp. vinifera","table/raisin","blanc","Hermaphrodite","Ararat Valley","dense","ARMENIA","NONE"
"Arm3","Hrushaki","V. vinifera ssp. vinifera","wine/table/raisin","blanc","Hermaphrodite","Ararat Valley, Armavir, Aragatsotn","medium","ARMENIA","NONE"
"Arm30","Genotype 43","V. vinifera ssp. vinifera","feral","blanc/noir","Female","Ararat Valley, Armavir, Aragatsotn","loose","ARMENIA","NA"
"Arm31","Genotype 26","V. vinifera ssp. vinifera","table","blanc","Hermaphrodite","Syunik Province","dense","ARMENIA","NA"
"Arm32","Sev Areni clone km","V. vinifera ssp. vinifera","wine/table","noir","Hermaphrodite","Vayots Dzor Province","dense","ARMENIA","NONE"
"Arm33","Ushahas Nazeli","intraspecific cross","table","blanc","Hermaphrodite","Armavir Province","medium","ARMENIA","NONE"
"Arm34","Voskehat","V. vinifera ssp. vinifera","wine/table","blanc","Hermaphrodite","Ararat Valley, Vayots Dzor","dense","ARMENIA","NONE"
"Arm35","Movsesi","V. vinifera ssp. vinifera","wine/table","noir","Hermaphrodite","Vayots Dzor Province","dense","ARMENIA","NONE"
"Arm36","Mormor","V. vinifera ssp. vinifera","wine/table","gris","Hermaphrodite","Vayots Dzor Province","dense","ARMENIA","NONE"
"Arm37","Sevuk","V. vinifera ssp. vinifera","wine","noir","Hermaphrodite","Syunik Province","dense","ARMENIA","NA"
"Arm38","Vaghahas Areni","intraspecific cross","wine","noir","Hermaphrodite","Vayots Dzor Province","medium","ARMENIA","NA"
"Arm39","Genotype 30","V. vinifera ssp. vinifera","wine","rose","Hermaphrodite","Syunik Province","medium","ARMENIA","NA"
"Arm4","Dzrali","V. vinifera ssp. vinifera","wine","blanc","Female","Tavush Province","medium","ARMENIA","NONE"
"Arm40","Seyrak Areni","V. vinifera ssp. vinifera","wine","noir","Hermaphrodite","Vayots Dzor Province","loose","ARMENIA","NA"
"Arm41","Spitak Areni","V. vinifera ssp. vinifera","wine","blanc","Female","Vayots Dzor Province","loose","ARMENIA","NA"
"Arm42","Kishmish sev","V. vinifera ssp. vinifera","table/raisin","noir","Hermaphrodite","Ararat Valley, Aragatsotn","dense","ARMENIA","NONE"
"Arm43","Spitak Arevik","V. vinifera ssp. vinifera","wine/table/raisin","blanc","Female","Syunik Province","medium","ARMENIA","NONE"
"Arm44","Sev Khaghogh 2","V. vinifera ssp. vinifera","wine","noir","Hermaphrodite","Vayots Dzor Province","dense","ARMENIA","NA"
"Arm45","Zardeni","intraspecific cross","wine","noir","Hermaphrodite","Ararat Valley","medium","ARMENIA","NA"
"Arm47","Genotype 5","V. vinifera ssp. vinifera","wine/table","rose","Hermaphrodite","Syunik Province","dense","ARMENIA","NA"
"Arm48","Khndoghni","V. vinifera ssp. vinifera","wine","noir","Hermaphrodite","Syunik Province, Artsakh","dense","ARMENIA","NONE"
"Arm49","Mskhali","V. vinifera ssp. vinifera","wine/table","blanc","Hermaphrodite","Vayots Dzor Province","medium","ARMENIA","NONE"
"Arm5","Chragi Erkser","V. vinifera ssp. vinifera","wine/table","noir","Hermaphrodite","Syunik Province","dense","ARMENIA","NONE"
"Arm50","Dzrali","V. vinifera ssp. vinifera","wine","blanc","Female","Tavush Province","medium","ARMENIA","NONE"
"Arm51","Spitak Areni","V. vinifera ssp. vinifera","wine","blanc","Female","Vayots Dzor Province","medium","ARMENIA","NONE"
"Arm52","Spitak Berri","V. vinifera ssp. vinifera","wine","blanc","Hermaphrodite","Ararat Valley, Armavir","dense","ARMENIA","NONE"
"Arm53","Garan Dmak","V. vinifera ssp. vinifera","wine/table","blanc","Hermaphrodite","Ararat Valley, Armavir","dense","ARMENIA","NONE"
"Arm54","Sev Khardji","V. vinifera ssp. vinifera","wine","noir","Hermaphrodite","Vayots Dzor Province","dense","ARMENIA","NONE"
"Arm55","Sev Aygeni","V. vinifera ssp. vinifera","table","noir","Hermaphrodite","Ararat Valley, Armavir, Aragatsotn","dense","ARMENIA","NA"
"Arm56","Vanki","V. vinifera ssp. vinifera","wine","blanc","Hermaphrodite","Vayots Dzor Province","dense","ARMENIA","NONE"
"Arm57","Chragi Erkser","V. vinifera ssp. vinifera","wine/table","noir","Hermaphrodite","Syunik Province","dense","ARMENIA","NONE"
"Arm58","Chilar","V. vinifera ssp. vinifera","wine","blanc","Hermaphrodite","Ararat Valley","dense","ARMENIA","NONE"
"Arm59","Sveni","V. vinifera ssp. vinifera","wine","noir","Female","Syunik Province","dense","ARMENIA","NA"
"Arm6","Charentsi 2","interspecific cross","wine","noir","Hermaphrodite","Ararat Valley","medium","ARMENIA","NONE"
"Arm60","Hastakot","V. vinifera ssp. vinifera","wine","noir","Female","Syunik Province","medium","ARMENIA","NONE"
"Arm61","Spitak Arevik","V. vinifera ssp. vinifera","wine/table/raisin","blanc","Female","Syunik Province","medium","ARMENIA","NONE"
"Arm62","Eghegnadzori Sev","V. vinifera ssp. vinifera","wine","noir","Hermaphrodite","Vayots Dzor Province","dense","ARMENIA","NA"
"Arm63","Levoni mug vardaguyn","V. vinifera ssp. vinifera","wine","rose","Hermaphrodite","Vayots Dzor Province","medium","ARMENIA","NA"
"Arm64","Apoi khaghogh","V. vinifera ssp. vinifera","wine/table","blanc","Hermaphrodite","Vayots Dzor Province","medium","ARMENIA","NA"
"Arm65","Spitak Sateni","V. vinifera ssp. vinifera","table/raisin","blanc","Hermaphrodite","Ararat Valley","medium","ARMENIA","NA"
"Arm66","Shiri khaghogh spitak","V. vinifera ssp. vinifera","wine/table","blanc","Hermaphrodite","Syunik Province","dense","ARMENIA","NONE"
"Arm67","Genotype 9","V. vinifera ssp. vinifera","feral","noir","Female","Syunik Province","loose","ARMENIA","NA"
"Arm68","Genotype 8","V. vinifera ssp. sylvestris","wild","noir","Female","Syunik Province","loose","ARMENIA","NA"
"Arm69","Genotype 56 clone","V. vinifera ssp. vinifera","table/raisin","blanc","Hermaphrodite","Ararat Valley","medium","ARMENIA","NA"
"Arm7","Bagarani","V. vinifera ssp. vinifera","wine/table","rose","Hermaphrodite","Ararat Valley, Armavir","medium","ARMENIA","NONE"
"Arm70","Genotype 37","V. vinifera ssp. sylvestris","wild","noir","Female","Syunik Province","medium","ARMENIA","NA"
"Arm71","Genotype 13","admixed","wild","noir","Female","Syunik Province","loose","ARMENIA","NA"
"Arm72","Genotype 47","V. vinifera ssp. vinifera","table","rose","Hermaphrodite","Ararat Valley, Armavir","medium","ARMENIA","NA"
"Arm73","Genotype 31","V. vinifera ssp. sylvestris","wild","noir","Female","Syunik Province","loose","ARMENIA","NA"
"Arm74","Muscat Yerevanyan","V. vinifera ssp. vinifera","table","blanc","Hermaphrodite","Ararat Valley","medium","ARMENIA","MUSCAT"
"Arm75","Artages","interspecific cross","wine","blanc","Hermaphrodite","Ararat Valley","dense","ARMENIA","NA"
"Arm76","Haghtanak","intraspecific cross","wine","noir","Hermaphrodite","Ararat Valley","medium","ARMENIA","NA"
"Arm77","Karmir qishmish","V. vinifera ssp. vinifera","table/raisin","rose","Female","Ararat Valley","dense","ARMENIA","NA"
"Arm78","Muscat Haykakan","V. vinifera ssp. vinifera","wine","blanc","Hermaphrodite","Ararat Valley","medium","ARMENIA","MUSCAT"
"Arm79","Yerevani Vardaguyn","V. vinifera ssp. vinifera","table/raisin","rose","Hermaphrodite","Ararat Valley","medium","ARMENIA","NA"
"Arm8","Arevar","V. vinifera ssp. vinifera","table","blanc","Hermaphrodite","Ararat Valley","dense","ARMENIA","NONE"
"Arm80","Genotype 28","V. vinifera ssp. vinifera","wine","blanc","Hermaphrodite","Ararat Valley","dense","ARMENIA","NA"
"Arm81","Banants","V. vinifera ssp. vinifera","wine","blanc","Hermaphrodite","Tavush Province","medium","ARMENIA","NA"
"Arm82","Spitak Chragi","V. vinifera ssp. vinifera","wine/table","blanc","Hermaphrodite","Syunik Province","dense","ARMENIA","NONE"
"Arm83","Genotype 37","V. vinifera ssp. sylvestris","wild","noir","Female","Syunik Province","medium","ARMENIA","NA"
"Arm84","Meghrabuyr","interspecific cross","wine/table","noir","Hermaphrodite","Ararat Valley","dense","ARMENIA","NA"
"Arm85","Genotype 51","V. vinifera ssp. vinifera","wine","noir","Female","Syunik Province","medium","ARMENIA","NA"
"Arm86","Muscat spitak Merdzavani","V. vinifera ssp. vinifera","table","blanc","Hermaphrodite","Ararat Valley,Armavir","medium","ARMENIA","NA"
"Arm87","Vardananq","interspecific cross","wine/table","noir","Hermaphrodite","Ararat Valley","dense","ARMENIA","NA"
"Arm88","Genotype 41","V. vinifera ssp. vinifera","feral","noir","Female","Syunik Province","loose","ARMENIA","NA"
"Arm89","Genotype 55","V. vinifera ssp. sylvestris","wild","blanc/noir","Hermaphrodite","Syunik Province","medium","ARMENIA","NA"
"Arm9","Ararati","V. vinifera ssp. vinifera","table","blanc","Hermaphrodite","Ararat Valley","medium","ARMENIA","NONE"
"ARM90","Aghavnadzori mug vardaguyn","V. vinifera ssp. vinifera","wine/table","rouge","Hermaphrodite","Vayots Dzor Province","medium","ARMENIA","NONE"
"Arm91","Chragi Erkser","V. vinifera ssp. vinifera","wine/table","blanc","Hermaphrodite","Syunik Province","dense","ARMENIA","NA"
"Arm92","Genotype 7","V. vinifera ssp. vinifera","wine/table","blanc","Hermaphrodite","Syunik Province","loose","ARMENIA","NONE"
"Arm93","Genotype 54","V. vinifera ssp. vinifera","wine/table","rouge","Hermaphrodite","Ararat Valley","medium","ARMENIA","NA"
"Arm94","Genotype 46","V. vinifera ssp. vinifera","table","blanc","Hermaphrodite","Ararat Valley","medium","ARMENIA","NA"
"Arm95","Genotype 35","V. vinifera ssp. vinifera","feral","noir","Hermaphrodite","Syunik Province","medium","ARMENIA","NA"
"VA1","NA","V. vinifera ssp. sylvestris","wild","noir","NA","Syunik Province","NA","ARMENIA","NA"
"VA10","NA","V. vinifera ssp. sylvestris","wild","noir","NA","Syunik Province","NA","ARMENIA","NA"
"VA11","NA","V. vinifera ssp. sylvestris","wild","noir","NA","Syunik Province","NA","ARMENIA","NA"
"VA12","NA","V. vinifera ssp. sylvestris","wild","noir","NA","Syunik Province","NA","ARMENIA","NA"
"VA13","NA","V. vinifera ssp. sylvestris","wild","noir","NA","Syunik Province","NA","ARMENIA","NA"
"VA14","NA","V. vinifera ssp. sylvestris","wild","noir","NA","Syunik Province","NA","ARMENIA","NA"
"VA15","NA","V. vinifera ssp. sylvestris","wild","noir","NA","Syunik Province","NA","ARMENIA","NA"
"VA16","NA","V. vinifera ssp. sylvestris","wild","noir","NA","Syunik Province","NA","ARMENIA","NA"
"VA17","NA","V. vinifera ssp. sylvestris","wild","no_berry","NA","Syunik Province","NA","ARMENIA","NA"
"VA18","NA","V. vinifera ssp. sylvestris","wild","noir","NA","Syunik Province","NA","ARMENIA","NA"
"VA19","NA","V. vinifera ssp. sylvestris","wild","noir","NA","Syunik Province","NA","ARMENIA","NA"
"VA2","NA","V. vinifera ssp. sylvestris","wild","noir","NA","Syunik Province","NA","ARMENIA","NA"
"VA20","NA","V. vinifera ssp. sylvestris","wild","noir","NA","Syunik Province","NA","ARMENIA","NA"
"VA22","NA","V. vinifera ssp. sylvestris","wild","no_berry","NA","Syunik Province","NA","ARMENIA","NA"
"VA23","NA","V. vinifera ssp. sylvestris","wild","noir","NA","Syunik Province","NA","ARMENIA","NA"
"VA24","NA","V. vinifera ssp. sylvestris","wild","no_berry","NA","Syunik Province","NA","ARMENIA","NA"
"VA25","NA","V. vinifera ssp. sylvestris","wild","no_berry","NA","Syunik Province","NA","ARMENIA","NA"
"VA26","NA","V. vinifera ssp. sylvestris","wild","noir","NA","Syunik Province","NA","ARMENIA","NA"
"VA28","NA","admixed","feral","noir","NA","Syunik Province","NA","ARMENIA","NA"
"VA29","NA","V. vinifera ssp. sylvestris","wild","noir","NA","Syunik Province","NA","ARMENIA","NA"
"VA3","NA","V. vinifera ssp. sylvestris","wild","noir","NA","Syunik Province","NA","ARMENIA","NA"
"VA30","NA","V. vinifera ssp. sylvestris","wild","noir","NA","Syunik Province","NA","ARMENIA","NA"
"VA31","NA","V. vinifera ssp. sylvestris","wild","noir","NA","Syunik Province","NA","ARMENIA","NA"
"VA32","NA","V. vinifera ssp. sylvestris","wild","no_berry","NA","Syunik Province","NA","ARMENIA","NA"
"VA33","NA","V. vinifera ssp. sylvestris","wild","noir","NA","Syunik Province","NA","ARMENIA","NA"
"VA34","NA","V. vinifera ssp. sylvestris","wild","no_berry","NA","Syunik Province","NA","ARMENIA","NA"
"VA35","NA","V. vinifera ssp. sylvestris","wild","noir","NA","Syunik Province","NA","ARMENIA","NA"
"VA36","NA","V. vinifera ssp. sylvestris","wild","noir","NA","Syunik Province","NA","ARMENIA","NA"
"VA37","NA","V. vinifera ssp. sylvestris","wild","noir","NA","Syunik Province","NA","ARMENIA","NA"
"VA38","NA","V. vinifera ssp. sylvestris","wild","noir","NA","Syunik Province","NA","ARMENIA","NA"
"VA39","NA","V. vinifera ssp. sylvestris","wild","noir","NA","Syunik Province","NA","ARMENIA","NA"
"VA4","NA","V. vinifera ssp. sylvestris","wild","noir","NA","Syunik Province","NA","ARMENIA","NA"
"VA40","NA","V. vinifera ssp. vinifera","feral","noir","NA","Syunik Province","NA","ARMENIA","NA"
"VA41","NA","V. vinifera ssp. sylvestris","wild","no_berry","NA","Syunik Province","NA","ARMENIA","NA"
"VA42","NA","V. vinifera ssp. sylvestris","wild","noir","NA","Syunik Province","NA","ARMENIA","NA"
"VA43","NA","V. vinifera ssp. sylvestris","wild","noir","NA","Syunik Province","NA","ARMENIA","NA"
"VA44","NA","V. vinifera ssp. sylvestris","wild","noir","NA","Syunik Province","NA","ARMENIA","NA"
"VA45","NA","V. vinifera ssp. sylvestris","wild","noir","NA","Syunik Province","NA","ARMENIA","NA"
"VA46","NA","V. vinifera ssp. sylvestris","wild","noir","NA","Syunik Province","NA","ARMENIA","NA"
"VA47","NA","V. vinifera ssp. sylvestris","wild","noir","NA","Syunik Province","NA","ARMENIA","NA"
"VA48","NA","admixed","wild","no_berry","NA","Syunik Province","NA","ARMENIA","NA"
"VA5","NA","V. vinifera ssp. sylvestris","wild","noir","NA","Syunik Province","NA","ARMENIA","NA"
"VA51","NA","V. vinifera ssp. sylvestris","wild","noir","NA","Syunik Province","NA","ARMENIA","NA"
"VA52","NA","V. vinifera ssp. sylvestris","wild","noir","NA","Syunik Province","NA","ARMENIA","NA"
"VA53","NA","V. vinifera ssp. sylvestris","wild","noir","NA","Syunik Province","NA","ARMENIA","NA"
"VA54","NA","V. vinifera ssp. sylvestris","wild","noir","NA","Syunik Province","NA","ARMENIA","NA"
"VA55","NA","V. vinifera ssp. sylvestris","wild","noir","NA","Syunik Province","NA","ARMENIA","NA"
"VA56","NA","V. vinifera ssp. sylvestris","wild","noir","NA","Syunik Province","NA","ARMENIA","NA"
"VA57","NA","V. vinifera ssp. sylvestris","wild","noir","NA","Syunik Province","NA","ARMENIA","NA"
"VA58","NA","V. vinifera ssp. sylvestris","wild","no_berry","NA","Syunik Province","NA","ARMENIA","NA"
"VA59","NA","V. vinifera ssp. sylvestris","wild","noir","NA","Syunik Province","NA","ARMENIA","NA"
"VA60","NA","V. vinifera ssp. sylvestris","wild","noir","NA","Syunik Province","NA","ARMENIA","NA"
"VA61","NA","V. vinifera ssp. sylvestris","wild","noir","NA","Syunik Province","NA","ARMENIA","NA"
"VA62","NA","V. vinifera ssp. sylvestris","wild","noir","NA","Syunik Province","NA","ARMENIA","NA"
"VA63","NA","admixed","feral","noir","NA","Syunik Province","NA","ARMENIA","NA"
"VA64","NA","V. vinifera ssp. sylvestris","wild","no_berry","NA","Syunik Province","NA","ARMENIA","NA"
"VA65","NA","V. vinifera ssp. sylvestris","wild","no_berry","NA","Syunik Province","NA","ARMENIA","NA"
"VA66","NA","V. vinifera ssp. vinifera","wild","noir","NA","Syunik Province","NA","ARMENIA","NA"
"VA67","NA","V. vinifera ssp. vinifera","wild","noir","NA","Syunik Province","NA","ARMENIA","NA"
"VA68","NA","V. vinifera ssp. vinifera","wild","noir","NA","Syunik Province","NA","ARMENIA","NA"
"VA7","NA","V. vinifera ssp. sylvestris","wild","noir","NA","Syunik Province","NA","ARMENIA","NA"
"VA71","NA","admixed","wild","noir","NA","Syunik Province","NA","ARMENIA","NA"
"VA72","NA","V. vinifera ssp. sylvestris","wild","no_berry","NA","Syunik Province","NA","ARMENIA","NA"
"VA73","NA","V. vinifera ssp. sylvestris","wild","noir","NA","Syunik Province","NA","ARMENIA","NA"
"VA74","NA","V. vinifera ssp. sylvestris","wild","noir","NA","Syunik Province","NA","ARMENIA","NA"
"VA75","NA","V. vinifera ssp. sylvestris","wild","noir","NA","Syunik Province","NA","ARMENIA","NA"
"VA76","NA","V. vinifera ssp. sylvestris","wild","noir","NA","Syunik Province","NA","ARMENIA","NA"
"VA77","NA","V. vinifera ssp. sylvestris","wild","noir","NA","Syunik Province","NA","ARMENIA","NA"
"VA8","NA","V. vinifera ssp. sylvestris","wild","noir","NA","Syunik Province","NA","ARMENIA","NA"
"VA9","NA","V. vinifera ssp. sylvestris","wild","noir","NA","Syunik Province","NA","ARMENIA","NA"
"AZ20","GARA SHANY","V. vinifera ssp. vinifera","table","NA","Hermaphrodite","NA","NA","AZERBAIJAN","NONE"
"AZ21","SARY GILYA","V. vinifera ssp. vinifera","table","NA","Hermaphrodite","NA","NA","AZERBAIJAN","NONE"
"AZ23","FIZULY KECHIMEMESY","V. vinifera ssp. vinifera","table","NA","Hermaphrodite","NA","NA","AZERBAIJAN","NA"
"AZ24","TEBRIZI","V. vinifera ssp. vinifera","wine/table","NA","Hermaphrodite","NA","NA","AZERBAIJAN","NONE"
"AZ26","GUSH URAGI","V. vinifera ssp. vinifera","wine/table","NA","Hermaphrodite","NA","NA","AZERBAIJAN","NA"
"AZ27","SHAANI BELYI","V. vinifera ssp. vinifera","table","NA","Female","NA","NA","AZERBAIJAN","NONE"
"AZ28","KISHMISH CHERNYI","V. vinifera ssp. vinifera","wine/table/raisin","NA","Hermaphrodite","NA","NA","AZERBAIJAN","NONE"
"AZ29","KISHMISH MRAMORNYI","V. vinifera ssp. vinifera","table/raisin","NA","Hermaphrodite","NA","NA","ARMENIA","NONE"
"AZ31","MSKHALI","V. vinifera ssp. vinifera","wine/table","NA","Hermaphrodite","NA","NA","ARMENIA","NONE"
"AZ32","MERENDI","V. vinifera ssp. vinifera","table","NA","Hermaphrodite","NA","NA","AZERBAIJAN","NA"
"AZ34","CULU MERENDI","V. vinifera ssp. vinifera","NA","NA","NA","NA","NA","AZERBAIJAN","NA"
"AZ36","ABSHERON GYZYL UZUMU","V. vinifera ssp. vinifera","table","NA","Hermaphrodite","NA","NA","AZERBAIJAN","NA"
"AZ37","KHINDOGNY","V. vinifera ssp. vinifera","wine","NA","Hermaphrodite","NA","NA","AZERBAIJAN","NONE"
"AZ39","NAKHCHYVAN GYULABISI","V. vinifera ssp. vinifera","wine/table","NA","Hermaphrodite","NA","NA","AZERBAIJAN","NA"
"AZ40","HAFIZELI","V. vinifera ssp. vinifera","table","NA","Hermaphrodite","NA","NA","AZERBAIJAN","NA"
"AZ41","AG ALDARA","V. vinifera ssp. vinifera","wine/table","NA","Hermaphrodite","NA","NA","ARMENIA","NA"
"AZ42","AG KELENPYUR","V. vinifera ssp. vinifera","table","NA","Hermaphrodite","NA","NA","AZERBAIJAN","NA"
"AZ43","VOSKEAT","V. vinifera ssp. vinifera","wine/table","NA","Hermaphrodite","NA","NA","AZERBAIJAN","NONE"
"AZ44","AG HYUSEINI","V. vinifera ssp. vinifera","table","NA","Hermaphrodite","NA","NA","AZERBAIJAN","NA"
"AZ45","MEHSULDAR","V. vinifera ssp. vinifera","NA","NA","Hermaphrodite","NA","NA","AZERBAIJAN","NA"
"AZ46","ZALKHA","V. vinifera ssp. vinifera","wine/table","NA","Hermaphrodite","NA","NA","AZERBAIJAN","NA"
"AZ47","ZEYNEDDIN (Undetermined)","V. vinifera ssp. vinifera","NA","NA","Female","NA","NA","AZERBAIJAN","NA"
"AZ48","TILKI KUYRUGU","V. vinifera ssp. vinifera","wine/table","NA","Hermaphrodite","NA","NA","ARMENIA","NONE"
"AZ49","BAYAN SHIREI","V. vinifera ssp. vinifera","wine/table","NA","Hermaphrodite","NA","NA","AZERBAIJAN","NONE"
"AZ50","KISHMISH ROZOVYI","V. vinifera ssp. vinifera","table/raisin","NA","Hermaphrodite","NA","NA","AZERBAIJAN","NONE"
"AZ51","DANA GEZI","V. vinifera ssp. vinifera","table","NA","Hermaphrodite","NA","NA","AZERBAIJAN","NA"
"AZ54","AGH KISHMISH (New Cultivar)","V. vinifera ssp. vinifera","table/raisin","NA","Hermaphrodite","NA","NA","AZERBAIJAN","NA"
"AZ56","YERLI CEHRAYI","V. vinifera ssp. vinifera","table","NA","NA","NA","NA","AZERBAIJAN","NA"
"AZ57","ESKERI","V. vinifera ssp. vinifera","table/raisin","NA","Hermaphrodite","NA","NA","TURKMENISTAN","NONE"
"AZ58","MELAHETY","V. vinifera ssp. vinifera","wine","NA","Female","NA","NA","AZERBAIJAN","NA"
"AZ59","TOZLAYICY","V. vinifera ssp. vinifera","NA","NA","Male","NA","NA","AZERBAIJAN","NA"
"AZ60","SHERABI","V. vinifera ssp. vinifera","wine","NA","Hermaphrodite","NA","NA","AZERBAIJAN","NA"
"AZ61","SHAKHTAKHTY","V. vinifera ssp. vinifera","wine/table","NA","Hermaphrodite","NA","NA","AZERBAIJAN","NA"
"AZ62","FARASHI","V. vinifera ssp. vinifera","wine","NA","Female","NA","NA","AZERBAIJAN","NA"
"AZ63","DAG UZUMU","V. vinifera ssp. vinifera","wine/table","NA","NA","NA","NA","AZERBAIJAN","NA"
"AZ64","GOY HERNA QIRNA","V. vinifera ssp. vinifera","wine/table","NA","NA","NA","NA","AZERBAIJAN","NA"
"AZ67","SARI KISMISI","V. vinifera ssp. vinifera","table","NA","Hermaphrodite","NA","NA","TURKEY","NA"
"AZ69","BAYAN SHIREI","V. vinifera ssp. vinifera","wine/table","NA","Hermaphrodite","NA","NA","AZERBAIJAN","NONE"
"AZ70","SHEMAKHI MERENDISI","V. vinifera ssp. vinifera","table","NA","Hermaphrodite","NA","NA","AZERBAIJAN","NA"
"GE1","ACHKIKIZH","V. vinifera ssp. vinifera","wine/table","NA","Hermaphrodite","NA","NA","GEORGIA","NA"
"GE2","ADANASURI","V. vinifera ssp. vinifera","wine","NA","Hermaphrodite","NA","NA","GEORGIA","NA"
"GE3","BAZALETURI","V. vinifera ssp. vinifera","wine","NA","Female","NA","NA","GEORGIA","NA"
"GE4","BECOURA","V. vinifera ssp. vinifera","NA","NA","NA","NA","NA","GEORGIA","NA"
"GE5","BUDESHURI TETRI","V. vinifera ssp. vinifera","wine/table","NA","Hermaphrodite","NA","NA","GEORGIA","NA"
"GE7","CHKAPA","V. vinifera ssp. vinifera","wine","NA","Hermaphrodite","NA","NA","GEORGIA","NA"
"GE8","CHKHIKOURA","V. vinifera ssp. vinifera","wine","NA","Hermaphrodite","NA","NA","GEORGIA","NONE"
"GE9","TCHVITILURI","V. vinifera ssp. vinifera","wine","NA","Hermaphrodite","NA","NA","GEORGIA","NA"
"GE10","TSKHVEDIANIS TETRA","V. vinifera ssp. vinifera","wine","NA","Hermaphrodite","NA","NA","GEORGIA","NA"
"GE11","DONDGHLABI","V. vinifera ssp. vinifera","wine","NA","Hermaphrodite","NA","NA","GEORGIA","NA"
"GE12","GHRUBELA KAKHURI","V. vinifera ssp. vinifera","wine/table","NA","Hermaphrodite","NA","NA","GEORGIA","NA"
"GE13","GHVINIS TSITELI","V. vinifera ssp. vinifera","wine","NA","Hermaphrodite","NA","NA","GEORGIA","NA"
"GE14","INGILOURI","V. vinifera ssp. vinifera","wine","NA","Hermaphrodite","NA","NA","GEORGIA","NA"
"GE15","GRDZELMTEVANA INSTITUTIS","V. vinifera ssp. vinifera","wine/table","NA","Hermaphrodite","NA","NA","GEORGIA","NA"
"GE16","JINESHI","V. vinifera ssp. vinifera","wine/table","NA","Female","NA","NA","GEORGIA","NA"
"GE18","KAKHIS TETRI","V. vinifera ssp. vinifera","wine/table","NA","Female","NA","NA","GEORGIA","NA"
"GE19","KAMURI SHAVI","V. vinifera ssp. vinifera","wine","NA","Hermaphrodite","NA","NA","GEORGIA","NA"
"GE20","KAMURI TETRI","V. vinifera ssp. vinifera","wine/table","NA","Hermaphrodite","NA","NA","GEORGIA","NA"
"GE21","KAPISTONI TETRI HERMAPHRODITE","V. vinifera ssp. vinifera","wine","NA","Hermaphrodite","NA","NA","GEORGIA","NONE"
"GE22","KHARISTVALA KARTLIS","V. vinifera ssp. vinifera","wine/table","NA","NA","NA","NA","GEORGIA","NA"
"GE23","KHIKHVI","V. vinifera ssp. vinifera","wine","NA","Hermaphrodite","NA","NA","GEORGIA","NONE"
"GE24","KHUSHIA","V. vinifera ssp. vinifera","wine","NA","Hermaphrodite","NA","NA","GEORGIA","NA"
"GE25","KURKENA","V. vinifera ssp. vinifera","wine","NA","Hermaphrodite","NA","NA","GEORGIA","NA"
"GE26","KUVDVA","V. vinifera ssp. vinifera","NA","NA","Hermaphrodite","NA","NA","GEORGIA","NA"
"GE27","LAKAYAZH","V. vinifera ssp. vinifera","wine","NA","Female","NA","NA","GEORGIA","NA"
"GE28","OTSKHANURI SAPERE","V. vinifera ssp. vinifera","wine","NA","Hermaphrodite","NA","NA","GEORGIA","NONE"
"GE29","KISI","V. vinifera ssp. vinifera","wine/table","NA","Hermaphrodite","NA","NA","GEORGIA","NA"
"GE30","KVELOURI","V. vinifera ssp. vinifera","wine","NA","Hermaphrodite","NA","NA","GEORGIA","NA"
"GE31","RKATSITELI VARDISPERI","V. vinifera ssp. vinifera","wine/table","NA","NA","NA","NA","GEORGIA","NA"
"GE32","SAKMEVELA","V. vinifera ssp. vinifera","wine","NA","Hermaphrodite","NA","NA","GEORGIA","MUSCAT"
"GE33","SATSURAVI","V. vinifera ssp. vinifera","wine","NA","Hermaphrodite","NA","NA","GEORGIA","NA"
"GE34","DZRALI","V. vinifera ssp. vinifera","wine","NA","Female","NA","NA","AZERBAIJAN","NONE"
"GE35","RKATSITELI SHAVI","V. vinifera ssp. vinifera","wine","NA","Hermaphrodite","NA","NA","GEORGIA","NA"
"GE36","SIMONASEULI","V. vinifera ssp. vinifera","wine","NA","Hermaphrodite","NA","NA","GEORGIA","NA"
"GE37","SKHILATUBANI","V. vinifera ssp. vinifera","wine","NA","Hermaphrodite","NA","NA","GEORGIA","NONE"
"GE38","TITA KARTLIS","V. vinifera ssp. vinifera","wine/table","NA","Hermaphrodite","NA","NA","GEORGIA","NA"
"GE39","BUDESHURI TSITELI","V. vinifera ssp. vinifera","wine/table","NA","Hermaphrodite","NA","NA","GEORGIA","NA"
"GE40","MTSVANE KAKHURI","V. vinifera ssp. vinifera","wine","NA","Hermaphrodite","NA","NA","GEORGIA","NA"
"GE41","MTSVIVANI KAKHURI","V. vinifera ssp. vinifera","wine","NA","Hermaphrodite","NA","NA","GEORGIA","NA"
"GE42","MTSVANE RATCHULI","V. vinifera ssp. vinifera","wine","NA","Female","NA","NA","GEORGIA","NA"
"GE43","KHARISTVALA MESKHURI","V. vinifera ssp. vinifera","wine/table","NA","Female","NA","NA","GEORGIA","NA"
"GE44","MGALOBLISHVILI","V. vinifera ssp. vinifera","wine","NA","Hermaphrodite","NA","NA","GEORGIA","NONE"
"GE45","MTSVANE KAKHURI","V. vinifera ssp. vinifera","wine","NA","Hermaphrodite","NA","NA","GEORGIA","NA"
"GE46","NAKUTVNEULI","V. vinifera ssp. vinifera","wine","NA","Hermaphrodite","NA","NA","GEORGIA","NA"
"GE47","ZAKATALIS TETRI","V. vinifera ssp. vinifera","wine","NA","Female","NA","NA","GEORGIA","NA"
"GA28","SAPENA","V. vinifera ssp. vinifera","wine","NA","Female","NA","NA","GEORGIA","NA"
"GA31","KAPISTONI TETRI FEMELLE","V. vinifera ssp. vinifera","wine","NA","Female","NA","NA","GEORGIA","NONE"
"GA37","TAVKVERI","V. vinifera ssp. vinifera","wine/table","NA","Female","NA","NA","GEORGIA","NONE"
"GA42","TSULUKIDZIS TETRA","V. vinifera ssp. vinifera","wine","NA","Hermaphrodite","NA","NA","GEORGIA","NA"
"GA43","TITA KARTLIS","V. vinifera ssp. vinifera","wine/table","NA","NA","NA","NA","GEORGIA","NA"
"GA46","KUNDZA","V. vinifera ssp. vinifera","wine","NA","Hermaphrodite","NA","NA","GEORGIA","NONE"
"GA47","ALADASTURI","V. vinifera ssp. vinifera","wine/table","NA","Hermaphrodite","NA","NA","GEORGIA","NA"
"GA49","KAMURI (Undetermined)","V. vinifera ssp. vinifera","wine","NA","NA","NA","NA","GEORGIA","NA"
"TU1","ADA KARASI","V. vinifera ssp. vinifera","wine","NA","Hermaphrodite","NA","NA","TURKEY","NA"
"TU2","ADANA KARASI","V. vinifera ssp. vinifera","table","NA","Hermaphrodite","NA","NA","TURKEY","NA"
"TU3","AGIN BEYAZI","V. vinifera ssp. vinifera","table","NA","Hermaphrodite","NA","NA","TURKEY","NA"
"TU4","ALGEMRE KIRMIZI","V. vinifera ssp. vinifera","table","NA","Female","NA","NA","TURKEY","NA"
"TU5","TAHANNEBI","V. vinifera ssp. vinifera","table","NA","Hermaphrodite","NA","NA","TURKEY","NONE"
"TU6","AMASYA","V. vinifera ssp. vinifera","table","NA","NA","NA","NA","TURKEY","NONE"
"TU7","AK SIDAGAN","V. vinifera ssp. vinifera","wine","NA","Hermaphrodite","NA","NA","TURKEY","NA"
"TU8","ANTEP SIYAHI","V. vinifera ssp. vinifera","table/raisin","NA","Hermaphrodite","NA","NA","TURKEY","NA"
"TU10","BAHNUESI","V. vinifera ssp. vinifera","table","NA","Female","NA","NA","TURKEY","NA"
"TU11","BALBAL","V. vinifera ssp. vinifera","wine/table","NA","Female","NA","NA","TURKEY","NONE"
"TU12","BESNI RAZAKI","V. vinifera ssp. vinifera","table/raisin","NA","Hermaphrodite","NA","NA","TURKEY","NONE"
"TU13","BEYLERCE","V. vinifera ssp. vinifera","wine/table","NA","Hermaphrodite","NA","NA","TURKEY","NONE"
"TU14","BILECIK IRI KARASI","V. vinifera ssp. vinifera","table","NA","Hermaphrodite","NA","NA","TURKEY","NA"
"TU15","BINETETI","V. vinifera ssp. vinifera","table","NA","Hermaphrodite","NA","NA","TURKEY","NA"
"TU16","BODUROGLU","V. vinifera ssp. vinifera","table","NA","Female","NA","NA","TURKEY","NONE"
"TU17","BOGAZKERE","V. vinifera ssp. vinifera","wine/table","NA","Hermaphrodite","NA","NA","TURKEY","NONE"
"TU18","CAVUSU BOZCAADA","V. vinifera ssp. vinifera","table","NA","Hermaphrodite","NA","NA","TURKEY","NA"
"TU20","DIRMIT SIYAH","V. vinifera ssp. vinifera","table/raisin","NA","Hermaphrodite","NA","NA","TURKEY","NA"
"TU21","CHAOUCH BLANC","V. vinifera ssp. vinifera","table","NA","Female","NA","NA","TURKEY","NONE"
"TU22","CINARLI KARASI","V. vinifera ssp. vinifera","table","NA","Hermaphrodite","NA","NA","TURKEY","NA"
"TU23","CIGDEM","V. vinifera ssp. vinifera","table","NA","Hermaphrodite","NA","NA","TURKEY","NA"
"TU24","CILORES","V. vinifera ssp. vinifera","table","NA","Hermaphrodite","NA","NA","TURKEY","NA"
"TU27","DOEKUELGEN BEYAZI","V. vinifera ssp. vinifera","wine/table","NA","Hermaphrodite","NA","NA","TURKEY","NA"
"TU28","EKSI KARA","V. vinifera ssp. vinifera","wine/table/raisin","NA","Female","NA","NA","TURKEY","NONE"
"TU29","ELVAN UZUM","V. vinifera ssp. vinifera","NA","NA","Hermaphrodite","NA","NA","AZERBAIJAN","NONE"
"TU30","EMIR","V. vinifera ssp. vinifera","wine/table","NA","Hermaphrodite","NA","NA","TURKEY","NONE"
"TU32","KUERT","V. vinifera ssp. vinifera","table","NA","Hermaphrodite","NA","NA","TURKEY","NONE"
"TU33","DURMAN OFFSPRING","V. vinifera ssp. vinifera","table","NA","Hermaphrodite","NA","NA","TURKEY","NONE"
"TU36","FOCA KARASI","V. vinifera ssp. vinifera","table","NA","Hermaphrodite","NA","NA","TURKEY","NA"
"TU37","GUEL UEZUEMUE","V. vinifera ssp. vinifera","wine/table","NA","Hermaphrodite","NA","NA","TURKEY","NONE"
"TU39","HACI BALBAL","V. vinifera ssp. vinifera","table","NA","Hermaphrodite","NA","NA","TURKEY","NA"
"TU43","HASANDEDE BEYAZI","V. vinifera ssp. vinifera","wine/table","NA","Hermaphrodite","NA","NA","TURKEY","NONE"
"TU45","HOENUESUE","V. vinifera ssp. vinifera","table","NA","Female","NA","NA","TURKEY","NA"
"TU46","ISTANBUL UEZUEMUE","V. vinifera ssp. vinifera","table","NA","NA","NA","NA","TURKEY","NA"
"TU47","KABARCIK","V. vinifera ssp. vinifera","NA","NA","Hermaphrodite","NA","NA","TURKEY","NA"
"TU48","KADIN PARMAGI","V. vinifera ssp. vinifera","table","NA","Hermaphrodite","NA","NA","TURKEY","NA"
"TU49","KALECIK KARASI","V. vinifera ssp. vinifera","wine","NA","Hermaphrodite","NA","NA","TURKEY","NA"
"TU50","GERDIMEK KARA","V. vinifera ssp. vinifera","table","NA","Hermaphrodite","NA","NA","TURKEY","NA"
"TU52","GERGERI","V. vinifera ssp. vinifera","table","NA","Hermaphrodite","NA","NA","TURKEY","NA"
"TU53","LAHANA KARA","V. vinifera ssp. vinifera","wine","NA","NA","NA","NA","TURKEY","NA"
"TU54","KARA MENUES","V. vinifera ssp. vinifera","NA","NA","Hermaphrodite","NA","NA","TURKEY","NA"
"TU55","SAKIZ KARA","V. vinifera ssp. vinifera","wine","NA","Hermaphrodite","NA","NA","TURKEY","NONE"
"TU56","KARTAL","V. vinifera ssp. vinifera","table","NA","Hermaphrodite","NA","NA","TURKEY","NA"
"TU57","KASPIR","V. vinifera ssp. vinifera","wine","NA","Hermaphrodite","NA","NA","TURKEY","NA"
"TU59","KECI MEMESI","V. vinifera ssp. vinifera","NA","NA","Hermaphrodite","NA","NA","TURKEY","NA"
"TU60","KINALI AK UEZUEM","V. vinifera ssp. vinifera","NA","NA","Hermaphrodite","NA","NA","TURKEY","NA"
"TU61","KIZLAR TAHTASI","V. vinifera ssp. vinifera","table","NA","Hermaphrodite","NA","NA","TURKEY","NA"
"TU62","KISNIS","V. vinifera ssp. vinifera","raisin","NA","Hermaphrodite","NA","NA","TURKEY","NA"
"TU63","KOLAKA","V. vinifera ssp. vinifera","wine","NA","Hermaphrodite","NA","NA","TURKEY","NA"
"TU66","KOESETEVEK","V. vinifera ssp. vinifera","wine","NA","Hermaphrodite","NA","NA","TURKEY","NA"
"TU67","KUERT","V. vinifera ssp. vinifera","table","NA","Hermaphrodite","NA","NA","TURKEY","NONE"
"TU69","MANDA GOEZUE","V. vinifera ssp. vinifera","table","NA","Hermaphrodite","NA","NA","TURKEY","NA"
"TU70","TOPBAS","V. vinifera ssp. vinifera","table","NA","Female","NA","NA","TURKEY","NA"
"TU71","GOEK FIRT","V. vinifera ssp. vinifera","wine/table","NA","Hermaphrodite","NA","NA","TURKEY","NA"
"TU72","MIDRI BULUT","V. vinifera ssp. vinifera","table","NA","Hermaphrodite","NA","NA","TURKEY","NA"
"TU75","NEDROBAL","V. vinifera ssp. vinifera","wine/table","NA","NA","NA","NA","TURKEY","NA"
"TU77","OEKUEZGOEZUE","V. vinifera ssp. vinifera","wine/table","NA","Hermaphrodite","NA","NA","TURKEY","NONE"
"TU78","PAFI","V. vinifera ssp. vinifera","wine/table","NA","Hermaphrodite","NA","NA","TURKEY","NA"
"TU80","PAPASKARASI","V. vinifera ssp. vinifera","wine/table","NA","Hermaphrodite","NA","NA","TURKEY","NONE"
"TU81","SIRADAR","V. vinifera ssp. vinifera","wine","NA","Hermaphrodite","NA","NA","TURKEY","NA"
"TU82","CHAOUCH ROZOVYI","V. vinifera ssp. vinifera","table","NA","Female","NA","NA","TURKEY","NONE"
"TU84","GEMRE PEMBE","V. vinifera ssp. vinifera","table","NA","Hermaphrodite","NA","NA","TURKEY","NONE"
"TU85","UEZUEM PEMBE","V. vinifera ssp. vinifera","table","NA","Hermaphrodite","NA","NA","TURKEY","NA"
"TU87","RESE DIREJIK","V. vinifera ssp. vinifera","table","NA","Hermaphrodite","NA","NA","TURKEY","NA"
"TU88","SARAP UEZUEMUE","V. vinifera ssp. vinifera","wine","NA","Hermaphrodite","NA","NA","TURKEY","NA"
"TU91","TARSUS BEYAZI","V. vinifera ssp. vinifera","table","NA","Hermaphrodite","NA","NA","TURKEY","NA"
"TU92","TAYIFI","V. vinifera ssp. vinifera","table","NA","Hermaphrodite","NA","NA","TURKEY","NA"
"TU93","TEL GOEMLEK PEMBE","V. vinifera ssp. vinifera","wine","NA","Hermaphrodite","NA","NA","TURKEY","NA"
"TU94","TILKI KUYRUGU","V. vinifera ssp. vinifera","table","NA","Hermaphrodite","NA","NA","TURKEY","NA"
"TU97","YERLI ISABELLA","V. vinifera ssp. vinifera","NA","NA","Hermaphrodite","NA","NA","TURKEY","NA"
"AZ1","NA","V. vinifera ssp. sylvestris","wild","NA","Female","NA","NA","AZERBAIJAN","NA"
"AZ2","NA","V. vinifera ssp. sylvestris","wild","NA","Female","NA","NA","AZERBAIJAN","NA"
"AZ3","NA","V. vinifera ssp. sylvestris","wild","NA","Male","NA","NA","AZERBAIJAN","NA"
"AZ4","NA","V. vinifera ssp. sylvestris","wild","NA","Female","NA","NA","AZERBAIJAN","NA"
"AZ6","NA","V. vinifera ssp. sylvestris","wild","NA","Female","NA","NA","AZERBAIJAN","NA"
"AZ7","NA","V. vinifera ssp. sylvestris","wild","NA","Female","NA","NA","AZERBAIJAN","NA"
"AZ8","NA","V. vinifera ssp. sylvestris","wild","NA","Male","NA","NA","AZERBAIJAN","NA"
"AZ9","NA","V. vinifera ssp. sylvestris","wild","NA","Male","NA","NA","AZERBAIJAN","NA"
"AZ11","NA","V. vinifera ssp. sylvestris","wild","NA","Female","NA","NA","AZERBAIJAN","NA"
"AZ12","NA","V. vinifera ssp. sylvestris","wild","NA","Male","NA","NA","AZERBAIJAN","NA"
"AZ13","NA","V. vinifera ssp. sylvestris","wild","NA","Male","NA","NA","AZERBAIJAN","NA"
"AZ15","NA","V. vinifera ssp. sylvestris","wild","NA","Female","NA","NA","AZERBAIJAN","NA"
"AZ16","NA","V. vinifera ssp. sylvestris","wild","NA","NA","NA","NA","AZERBAIJAN","NA"
"AZ17","NA","V. vinifera ssp. sylvestris","wild","NA","NA","NA","NA","AZERBAIJAN","NA"
"AZ18","NA","V. vinifera ssp. sylvestris","wild","NA","Female","NA","NA","AZERBAIJAN","NA"
"AZ19","NA","V. vinifera ssp. vinifera","wild","NA","Hermaphrodite","NA","NA","AZERBAIJAN","NA"
"GA1","NA","V. vinifera ssp. sylvestris","wild","NA","Hermaphrodite","NA","NA","GEORGIA","NA"
"GA2","NA","V. vinifera ssp. sylvestris","wild","NA","Female","NA","NA","GEORGIA","NA"
"GA3","NA","V. vinifera ssp. sylvestris","wild","NA","Male","NA","NA","GEORGIA","NA"
"GA4","NA","V. vinifera ssp. sylvestris","wild","NA","Female","NA","NA","GEORGIA","NA"
"GA5","NA","V. vinifera ssp. sylvestris","wild","NA","Male","NA","NA","GEORGIA","NA"
"GA6","NA","V. vinifera ssp. vinifera","wild","NA","Female","NA","NA","GEORGIA","NA"
"GA7","NA","V. vinifera ssp. sylvestris","wild","NA","Male","NA","NA","GEORGIA","NA"
"GA8","NA","V. vinifera ssp. sylvestris","wild","NA","Male","NA","NA","GEORGIA","NA"
"GA9","NA","V. vinifera ssp. vinifera","wild","NA","Female","NA","NA","GEORGIA","NA"
"GA10","NA","V. vinifera ssp. sylvestris","wild","NA","Hermaphrodite","NA","NA","GEORGIA","NA"
"GA11","NA","V. vinifera ssp. sylvestris","wild","NA","Male","NA","NA","GEORGIA","NA"
"GA12","NA","V. vinifera ssp. vinifera","wild","NA","NA","NA","NA","GEORGIA","NA"
"GA13","NA","V. vinifera ssp. sylvestris","wild","NA","Male","NA","NA","GEORGIA","NA"
"GA14","NA","V. vinifera ssp. sylvestris","wild","NA","Male","NA","NA","GEORGIA","NA"
"GA15","NA","interspecific cross","wild","NA","NA","NA","NA","GEORGIA","NA"
"GA16","NA","V. vinifera ssp. sylvestris","wild","NA","Female","NA","NA","GEORGIA","NA"
"GA17","NA","interspecific cross","wild","NA","NA","NA","NA","GEORGIA","NA"
"GA18","NA","V. vinifera ssp. sylvestris","wild","NA","Female","NA","NA","GEORGIA","NA"
"GA19","NA","V. vinifera ssp. sylvestris","wild","NA","Male","NA","NA","GEORGIA","NA"
"GA20","NA","V. vinifera ssp. sylvestris","wild","NA","Male","NA","NA","GEORGIA","NA"
"TUS-1","NA","V. vinifera ssp. sylvestris","wild","NA","Male","NA","NA","TURKEY","NA"
"TUD-1","NA","V. vinifera ssp. sylvestris","wild","NA","Female","NA","NA","TURKEY","NA"
"TUD-3","NA","V. vinifera ssp. sylvestris","wild","NA","Female","NA","NA","TURKEY","NA"
"TUK-3","NA","V. vinifera ssp. sylvestris","wild","NA","Male","NA","NA","TURKEY","NA"
"TUK-4","NA","V. vinifera ssp. sylvestris","wild","NA","Male","NA","NA","TURKEY","NA"
"TUK-5","NA","V. vinifera ssp. sylvestris","wild","NA","Male","NA","NA","TURKEY","NA"
"TUK-6","NA","V. vinifera ssp. sylvestris","wild","NA","Female","NA","NA","TURKEY","NA"
"TUK-7","NA","V. vinifera ssp. sylvestris","wild","NA","Female","NA","NA","TURKEY","NA"
"TUK-8","NA","V. vinifera ssp. sylvestris","wild","NA","Male","NA","NA","TURKEY","NA"
"TUK-9","NA","V. vinifera ssp. sylvestris","wild","NA","NA","NA","NA","TURKEY","NA"
"TUK-11","NA","V. vinifera ssp. sylvestris","wild","NA","NA","NA","NA","TURKEY","NA"
"TUG-4","NA","V. vinifera ssp. sylvestris","wild","NA","NA","NA","NA","TURKEY","NA"
"TUG-9","NA","V. vinifera ssp. sylvestris","wild","NA","Female","NA","NA","TURKEY","NA"
"TUG-10","NA","V. vinifera ssp. sylvestris","wild","NA","NA","NA","NA","TURKEY","NA"
"TUG-12","NA","V. vinifera ssp. sylvestris","wild","NA","Male","NA","NA","TURKEY","NA"
"TUG-19","NA","V. vinifera ssp. sylvestris","wild","NA","Female","NA","NA","TURKEY","NA"
"TUG-20","NA","V. vinifera ssp. sylvestris","wild","NA","NA","NA","NA","TURKEY","NA"
"TUG-21","NA","V. vinifera ssp. sylvestris","wild","NA","Male","NA","NA","TURKEY","NA"
"TUG-22","NA","V. vinifera ssp. vinifera","wild","NA","NA","NA","NA","TURKEY","NA"
"TUG-25","NA","V. vinifera ssp. sylvestris","wild","NA","Female","NA","NA","TURKEY","NA"
"TUG-27","NA","V. vinifera ssp. sylvestris","wild","NA","Female","NA","NA","TURKEY","NA"
"TUG-29","NA","V. vinifera ssp. sylvestris","wild","NA","Male","NA","NA","TURKEY","NA"
"TUF-1","NA","V. vinifera ssp. sylvestris","wild","NA","Male","NA","NA","TURKEY","NA"
"TUF-3","NA","V. vinifera ssp. sylvestris","wild","NA","Female","NA","NA","TURKEY","NA"
"TUF-4","NA","V. vinifera ssp. sylvestris","wild","NA","Male","NA","NA","TURKEY","NA"
"TUF-5","NA","V. vinifera ssp. sylvestris","wild","NA","Male","NA","NA","TURKEY","NA"
"TUF-6","NA","V. vinifera ssp. sylvestris","wild","NA","NA","NA","NA","TURKEY","NA"
"TUF-8","NA","V. vinifera ssp. sylvestris","wild","NA","Male","NA","NA","TURKEY","NA"
"TUF-11","NA","V. vinifera ssp. sylvestris","wild","NA","Female","NA","NA","TURKEY","NA"
"TUF-12","NA","V. vinifera ssp. sylvestris","wild","NA","Female","NA","NA","TURKEY","NA"
"TUF-13","NA","V. vinifera ssp. sylvestris","wild","NA","Female","NA","NA","TURKEY","NA"
"TUF-14","NA","V. vinifera ssp. sylvestris","wild","NA","Female","NA","NA","TURKEY","NA"
"TUF-15","NA","V. vinifera ssp. vinifera","wild","NA","Hermaphrodite","NA","NA","TURKEY","NA"
"TUF-16","NA","V. vinifera ssp. sylvestris","wild","NA","Female","NA","NA","TURKEY","NA"
"TUF-17","NA","V. vinifera ssp. vinifera","wild","NA","Female","NA","NA","TURKEY","NA"
"TUF-18","NA","V. vinifera ssp. sylvestris","wild","NA","Female","NA","NA","TURKEY","NA"
"TUF-19","NA","V. vinifera ssp. sylvestris","wild","NA","Male","NA","NA","TURKEY","NA"
"TUF-20","NA","V. vinifera ssp. sylvestris","wild","NA","Female","NA","NA","TURKEY","NA"
"TUF-21","NA","V. vinifera ssp. sylvestris","wild","NA","Female","NA","NA","TURKEY","NA"
"TUF-22","NA","V. vinifera ssp. sylvestris","wild","NA","Female","NA","NA","TURKEY","NA"
"TUF-23","NA","V. vinifera ssp. sylvestris","wild","NA","NA","NA","NA","TURKEY","NA"
"TUF-24","NA","V. vinifera ssp. sylvestris","wild","NA","Male","NA","NA","TURKEY","NA"
"TUF-25","NA","V. vinifera ssp. sylvestris","wild","NA","Female","NA","NA","TURKEY","NA"
"TUF-27","NA","V. vinifera ssp. sylvestris","wild","NA","Female","NA","NA","TURKEY","NA"
"TUF-28","NA","V. vinifera ssp. vinifera","wild","NA","Female","NA","NA","TURKEY","NA"
"TUF-29","NA","V. vinifera ssp. sylvestris","wild","NA","Female","NA","NA","TURKEY","NA"
"TUF-30","NA","V. vinifera ssp. sylvestris","wild","NA","Male","NA","NA","TURKEY","NA"
"TUF-33","NA","V. vinifera ssp. sylvestris","wild","NA","Male","NA","NA","TURKEY","NA"
"TUF-35","NA","V. vinifera ssp. sylvestris","wild","NA","Male","NA","NA","TURKEY","NA"
"TUF-36","NA","V. vinifera ssp. sylvestris","wild","NA","Male","NA","NA","TURKEY","NA"
